Pali Text,English Translation,Contexts,Usage Count
Dutiyavaggo,,Vagga Title: sn.5.8/Section 909 | Vagga Title: sn.2.3/Section 95 | Vagga Title: sn.2.4/Section 134...,11
Bhikkhusuttaṃ,,Section Title: sn.5.2/Section 186 | Section Title: sn.5.3/Section 369 | Section Title: sn.5.7/Section 819...,10
Dutiyasamaṇabrāhmaṇasuttaṃ,,Section Title: sn.5.12/Section 1076 | Section Title: sn.5.4/Section 477 | Section Title: sn.5.4/Section 500...,10
Paṭhamavaggo,,Vagga Title: sn.2.4/Section 124 | Vagga Title: sn.2.6/Section 157 | Vagga Title: sn.2.7/Section 188...,10
Oghavaggo,,Vagga Title: sn.5.2/Section 302 | Vagga Title: sn.5.3/Section 461 | Vagga Title: sn.5.4/Section 587...,9
Gaṅgāpeyyālavaggo,,Vagga Title: sn.5.2/Section 258 | Vagga Title: sn.5.3/Section 417 | Vagga Title: sn.5.4/Section 541...,8
Oghādisuttadasakaṃ,,Section Title: sn.5.4/Section 587 | Section Title: sn.5.4/Section 641 | Section Title: sn.5.5/Section 695...,6
Paṭhamasamaṇabrāhmaṇasuttaṃ,,Section Title: sn.5.12/Section 1075 | Section Title: sn.5.4/Section 476 | Section Title: sn.5.4/Section 499...,6
Lokasuttaṃ,,Section Title: sn.5.12/Section 1098 | Section Title: sn.5.3/Section 394 | Section Title: sn.2.1/Section 44...,5
Mittasuttaṃ,,Section Title: sn.5.12/Section 1096 | Section Title: sn.5.3/Section 414 | Section Title: sn.1.1/Section 53...,5
Samaṇabrāhmaṇasuttaṃ,,Section Title: sn.2.1/Section 13 | Section Title: sn.2.1/Section 29 | Section Title: sn.2.3/Section 121...,5
Saṃyojanasuttaṃ,,Section Title: sn.5.4/Section 531 | Section Title: sn.2.1/Section 53 | Section Title: sn.1.1/Section 64...,5
Suddhikasuttaṃ,,Section Title: sn.5.4/Section 471 | Section Title: sn.5.4/Section 501 | Section Title: sn.5.7/Section 836...,5
Āsavakkhayasuttaṃ,,Section Title: sn.5.12/Section 1095 | Section Title: sn.5.4/Section 490 | Section Title: sn.5.4/Section 534...,5
Arahantasuttaṃ,,Section Title: sn.5.12/Section 1094 | Section Title: sn.5.4/Section 497 | Section Title: sn.5.4/Section 503...,4
Ariyasuttaṃ,,Section Title: sn.5.2/Section 200 | Section Title: sn.5.3/Section 383 | Section Title: sn.5.7/Section 815...,4
Esanāvaggo,,Vagga Title: sn.5.2/Section 292 | Vagga Title: sn.5.3/Section 451 | Vagga Title: sn.5.5/Section 685...,4
Kulasuttaṃ,,Section Title: sn.2.9/Section 225 | Section Title: sn.4.8/Section 361 | Section Title: an5.20/Section 199...,4
Moggallānasuttaṃ,,Section Title: sn.5.7/Section 826 | Section Title: sn.5.7/Section 843 | Section Title: sn.1.8/Section 218...,4
Pahānasuttaṃ,,Section Title: sn.5.2/Section 255 | Section Title: sn.4.1/Section 24 | Section Title: sn.4.2/Section 251...,4
Pācīnādisuttadvādasakaṃ,,Section Title: sn.5.4/Section 541 | Section Title: sn.5.4/Section 597 | Section Title: sn.5.5/Section 651...,4
Samādhisuttaṃ,,Section Title: sn.5.12/Section 1071 | Section Title: sn.4.1/Section 99 | Section Title: sn.4.2/Section 249...,4
Saṅgāravasuttaṃ,,Section Title: sn.5.2/Section 236 | Section Title: sn.1.7/Section 207 | Section Title: an5.20/Section 193...,4
Sīlasuttaṃ,,Section Title: sn.5.2/Section 184 | Section Title: sn.5.3/Section 387 | Section Title: an5.17/Section 168...,4
Tatiyavaggo,,Vagga Title: sn.2.6/Section 170 | Vagga Title: sn.1.11/Section 267 | Vagga Title: sn.1.3/Section 132...,4
Ānandasuttaṃ,,Section Title: sn.1.8/Section 212 | Section Title: sn.1.9/Section 225 | Section Title: sn.4.10/Section 419...,4
Aññatarabrāhmaṇasuttaṃ,,Section Title: sn.5.3/Section 391 | Section Title: sn.2.1/Section 46 | Section Title: an3.6/Section 54,3
Balakaraṇīyavaggo,,Vagga Title: sn.5.2/Section 280 | Vagga Title: sn.5.3/Section 439 | Vagga Title: sn.5.5/Section 673,3
Daṭṭhabbasuttaṃ,,Section Title: sn.5.4/Section 478 | Section Title: sn.4.2/Section 253 | Section Title: an5.2/Section 15,3
Dussīlasuttaṃ,,Section Title: sn.2.3/Section 108 | Section Title: sn.4.3/Section 289 | Section Title: an5.3/Section 24,3
Gilānasuttaṃ,,Section Title: sn.5.11/Section 1050 | Section Title: sn.5.3/Section 375 | Section Title: an3.3/Section 22,3
Nibbidāsuttaṃ,,Section Title: sn.5.2/Section 201 | Section Title: sn.5.7/Section 816 | Section Title: an5.7/Section 69,3
Puggalasuttaṃ,,Section Title: sn.2.4/Section 133 | Section Title: sn.1.3/Section 132 | Section Title: an7.2/Section 14,3
Satisuttaṃ,,Section Title: sn.5.3/Section 368 | Section Title: sn.5.3/Section 401 | Section Title: sn.5.3/Section 410,3
Sattisuttaṃ,,Section Title: sn.2.8/Section 207 | Section Title: sn.2.9/Section 227 | Section Title: sn.1.1/Section 21,3
Tatiyasamaṇabrāhmaṇasuttaṃ,,Section Title: sn.2.3/Section 123 | Section Title: sn.2.6/Section 176 | Section Title: sn.4.2/Section 277,3
Vibhaṅgasuttaṃ,,Section Title: sn.5.3/Section 406 | Section Title: sn.5.7/Section 832 | Section Title: sn.2.1/Section 2,3
Viraddhasuttaṃ,,Section Title: sn.5.2/Section 199 | Section Title: sn.5.3/Section 399 | Section Title: sn.5.7/Section 814,3
Accayasuttaṃ,,Section Title: sn.1.11/Section 270 | Section Title: an3.1/Section 4,2
Acelakassapasuttaṃ,,Section Title: sn.2.1/Section 17 | Section Title: sn.4.7/Section 351,2
Aggisuttaṃ,,Section Title: sn.5.2/Section 234 | Section Title: an5.22/Section 219,2
Akusalarāsisuttaṃ,,Section Title: sn.5.3/Section 371 | Section Title: an5.6/Section 52,2
Akusalasuttaṃ,,Section Title: an3.1/Section 6 | Section Title: an3.15/Section 147,2
Ananussutasuttaṃ,,Section Title: sn.5.3/Section 397 | Section Title: an5.2/Section 11,2
Aniccasuttaṃ,,Section Title: sn.5.2/Section 252 | Section Title: sn.4.2/Section 257,2
Anusayasuttaṃ,,Section Title: sn.5.4/Section 532 | Section Title: sn.2.7/Section 200,2
Apaṇṇakasuttaṃ,,Section Title: an3.12/Section 119 | Section Title: an3.2/Section 16,2
Appamādavaggo,,Vagga Title: sn.5.2/Section 270 | Vagga Title: sn.5.3/Section 429,2
Assājānīyasuttaṃ,,Section Title: an5.21/Section 203 | Section Title: an3.14/Section 143,2
Ayonisomanasikārasuttaṃ,,Section Title: sn.5.2/Section 205 | Section Title: sn.5.2/Section 216,2
Aññatitthiyasuttaṃ,,Section Title: sn.2.1/Section 24 | Section Title: an3.7/Section 69,2
Aṅgasuttaṃ,,Section Title: sn.5.11/Section 1046 | Section Title: sn.4.3/Section 308,2
Balasuttaṃ,,Section Title: sn.4.9/Section 374 | Section Title: an5.21/Section 204,2
Balādisuttadvādasakaṃ,,Section Title: sn.5.3/Section 439 | Section Title: sn.5.6/Section 705,2
Bandhanasuttaṃ,,Section Title: sn.1.1/Section 65 | Section Title: sn.1.3/Section 121,2
Bhāvanāsuttaṃ,,Section Title: sn.5.3/Section 405 | Section Title: an7.7/Section 71,2
Bojjhaṅgasuttaṃ,,Section Title: sn.4.9/Section 375 | Section Title: an7.3/Section 26,2
Bāhiyasuttaṃ,,Section Title: sn.5.3/Section 381 | Section Title: sn.4.1/Section 89,2
Cakkavattisuttaṃ,,Section Title: sn.5.2/Section 223 | Section Title: an3.2/Section 14,2
Cakkhusuttaṃ,,Section Title: sn.2.7/Section 188 | Section Title: sn.2.7/Section 198,2
Candanasuttaṃ,,Section Title: sn.1.2/Section 96 | Section Title: sn.4.6/Section 342,2
Catutthavaggo,,Vagga Title: sn.2.3/Section 114 | Vagga Title: sn.2.6/Section 180,2
Caṅkamasuttaṃ,,Section Title: sn.2.3/Section 99 | Section Title: an5.3/Section 29,2
Channasuttaṃ,,Section Title: sn.4.1/Section 87 | Section Title: an3.8/Section 72,2
Chetvāsuttaṃ,,Section Title: sn.1.1/Section 71 | Section Title: sn.1.11/Section 267,2
Cīvarasuttaṃ,,Section Title: sn.2.5/Section 154 | Section Title: an5.19/Section 182,2
Daliddasuttaṃ,,Section Title: sn.5.2/Section 227 | Section Title: sn.1.11/Section 260,2
Daṇḍasuttaṃ,,Section Title: sn.5.12/Section 1103 | Section Title: sn.2.4/Section 132,2
Dukkarasuttaṃ,,Section Title: sn.1.1/Section 17 | Section Title: sn.4.5/Section 331,2
Dukkhasuttaṃ,,Section Title: sn.5.2/Section 253 | Section Title: sn.2.1/Section 43,2
Dutiyagilānasuttaṃ,,Section Title: sn.5.2/Section 196 | Section Title: sn.4.1/Section 75,2
Dutiyamārapāsasuttaṃ,,Section Title: sn.1.4/Section 141 | Section Title: sn.4.1/Section 115,2
Dutiyanatumhākaṃsuttaṃ,,Section Title: sn.4.1/Section 102 | Section Title: sn.4.1/Section 139,2
Dutiyaphalasuttaṃ,,Section Title: sn.5.4/Section 536 | Section Title: sn.5.7/Section 838,2
Dutiyasamuddasuttaṃ,,Section Title: sn.2.2/Section 81 | Section Title: sn.4.1/Section 229,2
Dutiyasaññāsuttaṃ,,Section Title: an5.7/Section 62 | Section Title: an7.5/Section 49,2
Dutiyavibhaṅgasuttaṃ,,Section Title: sn.5.4/Section 480 | Section Title: sn.5.4/Section 507,2
Dutiyaānandasuttaṃ,,Section Title: sn.5.7/Section 840 | Section Title: sn.4.2/Section 264,2
Esanādisuttadasakaṃ,,Section Title: sn.5.3/Section 451 | Section Title: sn.5.5/Section 685,2
Gahapativaggo,,Vagga Title: sn.2.1/Section 41 | Vagga Title: sn.4.1/Section 124,2
Gaṅgānadīādisuttadvādasakaṃ,,Section Title: sn.5.3/Section 417 | Section Title: sn.5.7/Section 845,2
Ghaṭīkārasuttaṃ,,Section Title: sn.1.1/Section 50 | Section Title: sn.1.2/Section 105,2
Gilānavaggo,,Vagga Title: sn.5.2/Section 192 | Vagga Title: sn.4.1/Section 74,2
Hatthakasuttaṃ,,Section Title: an3.13/Section 128 | Section Title: an3.4/Section 35,2
Jarāmaraṇasuttaṃ,,Section Title: sn.2.1/Section 71 | Section Title: sn.1.3/Section 114,2
Jarāvaggo,,Vagga Title: sn.5.4/Section 511 | Vagga Title: sn.1.1/Section 51,2
Jaṭāsuttaṃ,,Section Title: sn.1.1/Section 23 | Section Title: sn.1.7/Section 192,2
Jāṇussoṇisuttaṃ,,Section Title: sn.2.1/Section 47 | Section Title: an3.6/Section 60,2
Khandhasuttaṃ,,Section Title: sn.5.12/Section 1083 | Section Title: sn.2.7/Section 197,2
Kimilasuttaṃ,,Section Title: an5.21/Section 201 | Section Title: an7.6/Section 59,2
Kodhanasuttaṃ,,Section Title: sn.4.3/Section 284 | Section Title: an7.6/Section 64,2
Kokālikasuttaṃ,,Section Title: sn.1.6/Section 178 | Section Title: sn.1.6/Section 181,2
Kūṭasuttaṃ,,Section Title: sn.2.9/Section 223 | Section Title: an5.2/Section 12,2
Kūṭāgārasuttaṃ,,Section Title: sn.5.12/Section 1114 | Section Title: sn.5.2/Section 188,2
Maccharisuttaṃ,,Section Title: sn.1.1/Section 32 | Section Title: sn.1.1/Section 49,2
Maccharīsuttaṃ,,Section Title: sn.4.3/Section 287 | Section Title: an5.23/Section 224,2
Maggasuttaṃ,,Section Title: sn.5.3/Section 409 | Section Title: sn.5.7/Section 833,2
Mallikāsuttaṃ,,Section Title: sn.1.3/Section 119 | Section Title: sn.1.3/Section 127,2
Muṭṭhassatisuttaṃ,,Section Title: sn.4.3/Section 292 | Section Title: an5.21/Section 210,2
Mātugāmasuttaṃ,,Section Title: sn.2.6/Section 170 | Section Title: sn.4.3/Section 280,2
Mātusuttaṃ,,Section Title: sn.2.4/Section 137 | Section Title: sn.2.6/Section 186,2
Nakhasikhasuttaṃ,,Section Title: sn.5.12/Section 1121 | Section Title: sn.2.9/Section 224,2
Nandanasuttaṃ,,Section Title: sn.1.1/Section 11 | Section Title: sn.1.2/Section 95,2
Nandasuttaṃ,,Section Title: sn.2.10/Section 242 | Section Title: sn.1.2/Section 108,2
Nandatisuttaṃ,,Section Title: sn.1.1/Section 12 | Section Title: sn.1.4/Section 144,2
Nidānasuttaṃ,,Section Title: sn.2.1/Section 60 | Section Title: an3.4/Section 34,2
Nirayasuttaṃ,,Section Title: an5.15/Section 145 | Section Title: an5.18/Section 173,2
Nirodhasuttaṃ,,Section Title: sn.5.2/Section 257 | Section Title: an5.17/Section 166,2
Oghādisuttaṃ,,Section Title: sn.5.2/Section 302 | Section Title: sn.5.9/Section 967,2
Pabbatasuttaṃ,,Section Title: sn.2.2/Section 82 | Section Title: sn.2.4/Section 128,2
Paccayasuttaṃ,,Section Title: sn.2.1/Section 20 | Section Title: sn.2.1/Section 27,2
Pajjotasuttaṃ,,Section Title: sn.1.1/Section 26 | Section Title: sn.1.1/Section 80,2
Parisāsuttaṃ,,Section Title: an3.10/Section 96 | Section Title: an3.14/Section 135,2
Pathavīsuttaṃ,,Section Title: sn.2.2/Section 78 | Section Title: sn.2.4/Section 125,2
Paṭhamagilānasuttaṃ,,Section Title: sn.5.2/Section 195 | Section Title: sn.4.1/Section 74,2
Paṭhamamārapāsasuttaṃ,,Section Title: sn.1.4/Section 140 | Section Title: sn.4.1/Section 114,2
Paṭhamanatumhākaṃsuttaṃ,,Section Title: sn.4.1/Section 101 | Section Title: sn.4.1/Section 138,2
Paṭhamaphalasuttaṃ,,Section Title: sn.5.4/Section 535 | Section Title: sn.5.7/Section 837,2
Paṭhamasaññāsuttaṃ,,Section Title: an5.7/Section 61 | Section Title: an7.5/Section 48,2
Paṭhamavibhaṅgasuttaṃ,,Section Title: sn.5.4/Section 479 | Section Title: sn.5.4/Section 506,2
Paṭhamaānandasuttaṃ,,Section Title: sn.5.7/Section 839 | Section Title: sn.4.2/Section 263,2
Paṭisallānasuttaṃ,,Section Title: sn.5.12/Section 1072 | Section Title: sn.4.1/Section 100,2
Piyasuttaṃ,,Section Title: sn.1.3/Section 115 | Section Title: an5.24/Section 232,2
Piṇḍasuttaṃ,,Section Title: sn.2.8/Section 204 | Section Title: sn.1.4/Section 154,2
Pokkharaṇīsuttaṃ,,Section Title: sn.5.12/Section 1122 | Section Title: sn.2.2/Section 75,2
Pubbasuttaṃ,,Section Title: sn.5.7/Section 823 | Section Title: sn.4.2/Section 272,2
Purisasuttaṃ,,Section Title: sn.1.3/Section 113 | Section Title: sn.4.3/Section 281,2
Puttasuttaṃ,,Section Title: sn.2.4/Section 141 | Section Title: an5.4/Section 39,2
Pāṇasuttaṃ,,Section Title: sn.5.12/Section 1106 | Section Title: sn.5.2/Section 192,2
Rahogatavaggo,,Vagga Title: sn.5.8/Section 899 | Vagga Title: sn.4.2/Section 259,2
Sagāthakasuttaṃ,,Section Title: sn.5.11/Section 1047 | Section Title: sn.2.6/Section 166,2
Sakalikasuttaṃ,,Section Title: sn.1.1/Section 38 | Section Title: sn.1.4/Section 149,2
Sakkanāmasuttaṃ,,Section Title: sn.1.10/Section 236 | Section Title: sn.1.11/Section 258,2
Samattasuttaṃ,,Section Title: sn.5.3/Section 393 | Section Title: sn.5.7/Section 818,2
Samayasuttaṃ,,Section Title: sn.1.1/Section 37 | Section Title: an5.6/Section 54,2
Samaṇasuttaṃ,,Section Title: an7.9/Section 86 | Section Title: an3.9/Section 82,2
Sambahulabhikkhusuttaṃ,,Section Title: sn.4.1/Section 81 | Section Title: sn.4.2/Section 274,2
Sambahulasuttaṃ,,Section Title: sn.1.4/Section 157 | Section Title: sn.1.9/Section 224,2
Samiddhisuttaṃ,,Section Title: sn.1.1/Section 20 | Section Title: sn.1.4/Section 158,2
Sampadāsuttaṃ,,Section Title: an5.5/Section 46 | Section Title: an3.14/Section 139,2
Saññāsuttaṃ,,Section Title: sn.2.7/Section 193 | Section Title: an7.3/Section 27,2
Siṅgālasuttaṃ,,Section Title: sn.2.6/Section 164 | Section Title: sn.2.9/Section 233,2
Sotāpannasuttaṃ,,Section Title: sn.5.4/Section 496 | Section Title: sn.5.4/Section 502,2
Soṇasuttaṃ,,Section Title: sn.4.1/Section 128 | Section Title: an5.20/Section 191,2
Suddhakasuttaṃ,,Section Title: sn.5.11/Section 1042 | Section Title: sn.5.4/Section 495,2
Susimasuttaṃ,,Section Title: sn.2.1/Section 70 | Section Title: sn.1.2/Section 110,2
Sājīvasuttaṃ,,Section Title: an5.17/Section 164 | Section Title: an5.7/Section 66,2
Sākacchasuttaṃ,,Section Title: an5.17/Section 163 | Section Title: an5.7/Section 65,2
Sālasuttaṃ,,Section Title: sn.5.3/Section 370 | Section Title: sn.5.4/Section 521,2
Sārajjasuttaṃ,,Section Title: an5.16/Section 158 | Section Title: an5.18/Section 171,2
Sārandadasuttaṃ,,Section Title: an5.15/Section 143 | Section Title: an7.3/Section 21,2
Sāriputtasuttaṃ,,Section Title: sn.1.8/Section 214 | Section Title: an3.4/Section 33,2
Sāvajjasuttaṃ,,Section Title: an3.1/Section 7 | Section Title: an3.15/Section 148,2
Sīhasenāpatisuttaṃ,,Section Title: an5.4/Section 34 | Section Title: an7.6/Section 57,2
Sīlavantasuttaṃ,,Section Title: an5.9/Section 87 | Section Title: an3.5/Section 46,2
Sūcilomasuttaṃ,,Section Title: sn.2.8/Section 209 | Section Title: sn.1.10/Section 237,2
Tathasuttaṃ,,Section Title: sn.5.12/Section 1090 | Section Title: sn.5.12/Section 1097,2
Tathāgatasuttaṃ,,Section Title: sn.5.12/Section 1082 | Section Title: sn.5.7/Section 844,2
Taṇhakkhayasuttaṃ,,Section Title: sn.5.2/Section 207 | Section Title: sn.5.8/Section 905,2
Taṇhāsuttaṃ,,Section Title: sn.2.7/Section 195 | Section Title: sn.1.1/Section 63,2
Udāyīsuttaṃ,,Section Title: sn.4.1/Section 234 | Section Title: an5.16/Section 159,2
Upakkilesasuttaṃ,,Section Title: sn.5.2/Section 214 | Section Title: an5.3/Section 23,2
Uṇṇābhabrāhmaṇasuttaṃ,,Section Title: sn.5.4/Section 512 | Section Title: sn.5.7/Section 827,2
Vacchagottasuttaṃ,,Section Title: sn.4.10/Section 417 | Section Title: an3.6/Section 58,2
Vajjiputtasuttaṃ,,Section Title: sn.1.9/Section 229 | Section Title: an3.9/Section 85,2
Vedanāsuttaṃ,,Section Title: sn.5.3/Section 415 | Section Title: sn.2.7/Section 192,2
Virāgasuttaṃ,,Section Title: sn.5.2/Section 256 | Section Title: sn.5.3/Section 398,2
Visāradasuttaṃ,,Section Title: sn.4.3/Section 304 | Section Title: an5.18/Section 172,2
Viññāṇasuttaṃ,,Section Title: sn.2.1/Section 59 | Section Title: sn.2.7/Section 190,2
Yodhājīvasuttaṃ,,Section Title: sn.4.8/Section 355 | Section Title: an3.14/Section 134,2
Ñāṇasuttaṃ,,Section Title: sn.5.7/Section 821 | Section Title: sn.4.2/Section 273,2
Ādittasuttaṃ,,Section Title: sn.1.1/Section 41 | Section Title: sn.4.1/Section 28,2
Āhārasuttaṃ,,Section Title: sn.5.2/Section 232 | Section Title: sn.2.1/Section 11,2
Ājīvakasuttaṃ,,Section Title: an5.28/Section 293 | Section Title: an3.8/Section 73,2
Ṭhānasuttaṃ,,Section Title: sn.5.8/Section 913 | Section Title: sn.4.3/Section 311,2
Abbhokāsikasuttaṃ,,Section Title: an5.19/Section 185,1
Abhayasuttaṃ,,Section Title: sn.5.2/Section 237,1
Abhibhuyyasuttaṃ,,Section Title: sn.4.3/Section 306,1
Abhinandasuttaṃ,,Section Title: sn.2.3/Section 119,1
Abhisamayavaggo,,Vagga Title: sn.5.12/Section 1121,1
Abhiññāpariññāpahānasuttaṃ,,Section Title: sn.4.1/Section 25,1
Abhiṇhapaccavekkhitabbaṭhānasuttaṃ,,Section Title: an5.6/Section 57,1
Abyākatasuttaṃ,,Section Title: an7.6/Section 54,1
Acariṃsuttaṃ,,Section Title: sn.2.3/Section 116,1
Accentisuttaṃ,,Section Title: sn.1.1/Section 4,1
Accharāsuttaṃ,,Section Title: sn.1.1/Section 46,1
Accāyikasuttaṃ,,Section Title: an3.10/Section 93,1
Acirapakkantasuttaṃ,,Section Title: sn.2.6/Section 184,1
Adaliddasuttaṃ,,Section Title: sn.5.2/Section 228,1
Adantaaguttasuttaṃ,,Section Title: sn.4.1/Section 94,1
Addhabhūtasuttaṃ,,Section Title: sn.4.1/Section 29,1
Addhavaggo,,Vagga Title: sn.1.1/Section 61,1
Adhikaraṇasamathasuttaṃ,,Section Title: an7.8/Section 84,1
Adinnādānasuttaṃ,,Section Title: sn.5.12/Section 1142,1
Aggikasuttaṃ,,Section Title: sn.1.7/Section 194,1
Aggikkhandhopamasuttaṃ,,Section Title: an7.7/Section 72,1
Agārasuttaṃ,,Section Title: sn.4.2/Section 262,1
Ahirikamūlakasuttaṃ,,Section Title: sn.2.3/Section 103,1
Ahiṃsakasuttaṃ,,Section Title: sn.1.7/Section 191,1
Ajarasāsuttaṃ,,Section Title: sn.1.1/Section 52,1
Ajeḷakasuttaṃ,,Section Title: sn.5.12/Section 1158,1
Ajjhattaaniccachandarāgasuttaṃ,,Section Title: sn.4.1/Section 170,1
Ajjhattaaniccachandasuttaṃ,,Section Title: sn.4.1/Section 168,1
Ajjhattaaniccanandikkhayasuttaṃ,,Section Title: sn.4.1/Section 158,1
Ajjhattaaniccarāgasuttaṃ,,Section Title: sn.4.1/Section 169,1
Ajjhattadukkhahetusuttaṃ,,Section Title: sn.4.1/Section 141,1
Ajjhattadukkhasuttaṃ,,Section Title: sn.4.1/Section 2,1
Ajjhattadukkhātītānāgatasuttaṃ,,Section Title: sn.4.1/Section 8,1
Ajjhattanandikkhayasuttaṃ,,Section Title: sn.4.1/Section 156,1
Ajjhattapaccuppannayadaniccasuttaṃ,,Section Title: sn.4.1/Section 206,1
Ajjhattapaccuppannāniccasuttaṃ,,Section Title: sn.4.1/Section 188,1
Ajjhattikaṅgasuttaṃ,,Section Title: sn.5.2/Section 230,1
Ajjhattikāyatanaparijānanasuttaṃ,,Section Title: sn.4.1/Section 111,1
Ajjhattikāyatanasuttaṃ,,Section Title: sn.5.12/Section 1084,1
Ajjhattānattahetusuttaṃ,,Section Title: sn.4.1/Section 142,1
Ajjhattānattasuttaṃ,,Section Title: sn.4.1/Section 3,1
Ajjhattānattātītānāgatasuttaṃ,,Section Title: sn.4.1/Section 9,1
Ajjhattāniccahetusuttaṃ,,Section Title: sn.4.1/Section 140,1
Ajjhattāniccasuttaṃ,,Section Title: sn.4.1/Section 1,1
Ajjhattāniccātītānāgatasuttaṃ,,Section Title: sn.4.1/Section 7,1
Ajjhattānāgatayadaniccasuttaṃ,,Section Title: sn.4.1/Section 205,1
Ajjhattānāgatāniccasuttaṃ,,Section Title: sn.4.1/Section 187,1
Ajjhattātītayadaniccasuttaṃ,,Section Title: sn.4.1/Section 204,1
Ajjhattātītādianattasuttaṃ,,Section Title: sn.4.1/Section 192,1
Ajjhattātītādidukkhasuttaṃ,,Section Title: sn.4.1/Section 189,1
Ajjhattātītādiyadanattasuttaṃ,,Section Title: sn.4.1/Section 210,1
Ajjhattātītādiyaṃdukkhasuttaṃ,,Section Title: sn.4.1/Section 207,1
Ajjhattātītāniccasuttaṃ,,Section Title: sn.4.1/Section 186,1
Ajjhattāyatanaanattasuttaṃ,,Section Title: sn.4.1/Section 224,1
Ajjhattāyatanaaniccasuttaṃ,,Section Title: sn.4.1/Section 222,1
Ajjhattāyatanadukkhasuttaṃ,,Section Title: sn.4.1/Section 223,1
Akkhamasuttaṃ,,Section Title: an5.9/Section 85,1
Akkodhanasuttaṃ,,Section Title: sn.4.3/Section 294,1
Akkodhasuttaṃ,,Section Title: sn.1.11/Section 271,1
Akkosakasuttaṃ,,Section Title: an5.22/Section 211,1
Akkosasuttaṃ,,Section Title: sn.1.7/Section 188,1
Akusalamūlasuttaṃ,,Section Title: an3.7/Section 70,1
Akusalavitakkasuttaṃ,,Section Title: sn.1.9/Section 231,1
Alabbhanīyaṭhānasuttaṃ,,Section Title: an5.5/Section 48,1
Amaccharīsuttaṃ,,Section Title: sn.4.3/Section 297,1
Amatasuttaṃ,,Section Title: sn.5.3/Section 407,1
Amatavaggo,,Vagga Title: sn.5.3/Section 407,1
Ambapālisuttaṃ,,Section Title: sn.5.3/Section 367,1
Ambapālivaggo,,Vagga Title: sn.5.3/Section 367,1
Ambapālivanasuttaṃ,,Section Title: sn.5.8/Section 907,1
Anabhiratisuttaṃ,,Section Title: sn.5.2/Section 251,1
Ananussutavaggo,,Vagga Title: sn.5.3/Section 397,1
Anatasuttaṃ,,Section Title: sn.4.9/Section 378,1
Anaticārīsuttaṃ,,Section Title: sn.4.3/Section 298,1
Anattachandādisuttaṃ,,Section Title: sn.4.1/Section 174,1
Anattanibbānasappāyasuttaṃ,,Section Title: sn.4.1/Section 149,1
Anattasuttaṃ,,Section Title: sn.5.2/Section 254,1
Anattānupassīsuttaṃ,,Section Title: an7.2/Section 18,1
Andhakavindasuttaṃ,,Section Title: sn.1.6/Section 184,1
Andhakārasuttaṃ,,Section Title: sn.5.12/Section 1116,1
Andhasuttaṃ,,Section Title: an3.3/Section 29,1
Aniccanibbānasappāyasuttaṃ,,Section Title: sn.4.1/Section 147,1
Aniccavaggo,,Vagga Title: sn.4.1/Section 1,1
Aniccānupassīsuttaṃ,,Section Title: an7.2/Section 16,1
Animittapañhāsuttaṃ,,Section Title: sn.4.6/Section 340,1
Anissukīsuttaṃ,,Section Title: sn.4.3/Section 296,1
Annasuttaṃ,,Section Title: sn.1.1/Section 43,1
Anomasuttaṃ,,Section Title: sn.1.1/Section 45,1
Anottappamūlakasuttaṃ,,Section Title: sn.2.3/Section 104,1
Anottappīsuttaṃ,,Section Title: sn.2.5/Section 145,1
Antarapeyyālaṃ,,Vagga Title: sn.2.1/Section 73,1
Antevāsikasuttaṃ,,Section Title: sn.4.1/Section 151,1
Anuggahitasuttaṃ,,Section Title: an5.3/Section 25,1
Anukampasuttaṃ,,Section Title: an5.24/Section 235,1
Anupakkilesasuttaṃ,,Section Title: sn.5.2/Section 215,1
Anupanāhīsuttaṃ,,Section Title: sn.4.3/Section 295,1
Anuruddhasuttaṃ,,Section Title: sn.1.9/Section 226,1
Anurādhasuttaṃ,,Section Title: sn.4.10/Section 411,1
Anusayapahānasuttaṃ,,Section Title: sn.4.1/Section 58,1
Anusayasamugghātasuttaṃ,,Section Title: sn.4.1/Section 59,1
Anāgāmiphalasuttaṃ,,Section Title: sn.5.11/Section 1053,1
Anāsavādisuttaṃ,,Section Title: sn.4.9/Section 379,1
Anāthapiṇḍikasuttaṃ,,Section Title: sn.1.2/Section 101,1
Anāthapiṇḍikavaggo,,Vagga Title: sn.1.2/Section 92,1
Apagatasuttaṃ,,Section Title: sn.2.7/Section 201,1
Aparadutiyajhānasuttādisattakaṃ,,Section Title: an5.26/Section 265,1
Aparapaṭhamajhānasuttaṃ,,Section Title: an5.26/Section 264,1
Aparihāniyasuttaṃ,,Section Title: sn.5.2/Section 206,1
Appakasuttaṃ,,Section Title: sn.1.3/Section 117,1
Appamattapaññāsuttaṃ,,Section Title: sn.5.11/Section 1062,1
Appameyyasuttaṃ,,Section Title: an3.12/Section 116,1
Appamādagāravasuttaṃ,,Section Title: an7.4/Section 32,1
Appamādasuttaṃ,,Section Title: sn.1.3/Section 128,1
Appassutamūlakasuttaṃ,,Section Title: sn.2.3/Section 105,1
Appassutasuttaṃ,,Section Title: sn.4.3/Section 290,1
Appaṭividitasuttaṃ,,Section Title: sn.1.1/Section 7,1
Apārasuttaṃ,,Section Title: sn.5.7/Section 813,1
Arahantavaggo,,Vagga Title: sn.1.7/Section 187,1
Arahattapañhāsuttaṃ,,Section Title: sn.4.4/Section 315,1
Arahattaphalasuttaṃ,,Section Title: sn.5.11/Section 1054,1
Arahāsuttaṃ,,Section Title: an7.9/Section 92,1
Arakasuttaṃ,,Section Title: an7.7/Section 74,1
Arakkheyyasuttaṃ,,Section Title: an7.6/Section 58,1
Arakkhitasuttaṃ,,Section Title: an3.11/Section 110,1
Aratisuttaṃ,,Section Title: sn.1.8/Section 210,1
Araññasuttaṃ,,Section Title: sn.1.1/Section 10,1
Araññāyatanaisisuttaṃ,,Section Title: sn.1.11/Section 255,1
Araṇasuttaṃ,,Section Title: sn.1.1/Section 81,1
Ariyasāvakasuttaṃ,,Section Title: sn.2.1/Section 49,1
Aruṇavatīsuttaṃ,,Section Title: sn.1.6/Section 185,1
Asaddhammasuttaṃ,,Section Title: an7.9/Section 93,1
Asamāhitasuttaṃ,,Section Title: sn.2.3/Section 107,1
Asanisuttaṃ,,Section Title: sn.2.6/Section 162,1
Asappurisadānasuttaṃ,,Section Title: an5.15/Section 147,1
Asaṅkhatalakkhaṇasuttaṃ,,Section Title: an3.5/Section 48,1
Asaṅkhatasuttaṃ,,Section Title: sn.4.9/Section 377,1
Asibandhakaputtasuttaṃ,,Section Title: sn.4.8/Section 358,1
Asilomasuttaṃ,,Section Title: sn.2.8/Section 206,1
Assaddhamūlakasuttaṃ,,Section Title: sn.2.3/Section 102,1
Assaddhasaṃsandanasuttaṃ,,Section Title: sn.2.3/Section 101,1
Assaddhasuttaṃ,,Section Title: an5.9/Section 84,1
Assakhaḷuṅkasuttaṃ,,Section Title: an3.14/Section 141,1
Assaparassasuttaṃ,,Section Title: an3.14/Section 142,1
Assusuttaṃ,,Section Title: sn.2.4/Section 126,1
Assutavāsuttaṃ,,Section Title: sn.2.1/Section 61,1
Assārohasuttaṃ,,Section Title: sn.4.8/Section 357,1
Assāsappattasuttaṃ,,Section Title: sn.4.4/Section 318,1
Asubhasuttaṃ,,Section Title: sn.5.2/Section 248,1
Asucisuttaṃ,,Section Title: an3.15/Section 150,1
Asurindakasuttaṃ,,Section Title: sn.1.7/Section 189,1
Asīsakasuttaṃ,,Section Title: sn.2.8/Section 217,1
Aticārīsuttaṃ,,Section Title: sn.4.3/Section 288,1
Atinivāsasuttaṃ,,Section Title: an5.23/Section 223,1
Atittisuttaṃ,,Section Title: an3.11/Section 109,1
Attabyābādhasuttaṃ,,Section Title: an3.2/Section 17,1
Attahatasuttaṃ,,Section Title: sn.1.1/Section 66,1
Attarakkhitasuttaṃ,,Section Title: sn.1.3/Section 116,1
Atthavasasuttaṃ,,Section Title: an3.5/Section 43,1
Atthinukhopariyāyasuttaṃ,,Section Title: sn.4.1/Section 153,1
Atthirāgasuttaṃ,,Section Title: sn.2.1/Section 64,1
Attānudiṭṭhipahānasuttaṃ,,Section Title: sn.4.1/Section 167,1
Avakujjasuttaṃ,,Section Title: an3.3/Section 30,1
Avassutapariyāyasuttaṃ,,Section Title: sn.4.1/Section 243,1
Avijjāpaccayasuttaṃ,,Section Title: sn.2.1/Section 35,1
Avijjāpahānasuttaṃ,,Section Title: sn.4.1/Section 53,1
Avijjāpañhāsuttaṃ,,Section Title: sn.4.4/Section 322,1
Avijjāsuttaṃ,,Section Title: sn.5.12/Section 1087,1
Avijjāvaggo,,Vagga Title: sn.4.1/Section 53,1
Ayoguḷasuttaṃ,,Section Title: sn.5.7/Section 834,1
Ayoguḷavaggo,,Vagga Title: sn.5.7/Section 833,1
Ayonisosuttaṃ,,Section Title: an3.1/Section 5,1
Ayyikāsuttaṃ,,Section Title: sn.1.3/Section 133,1
Aññatarabhikkhusuttaṃ,,Section Title: sn.4.2/Section 271,1
Aññatarabrahmasuttaṃ,,Section Title: sn.1.6/Section 176,1
Aññatrasuttaṃ,,Section Title: sn.5.12/Section 1131,1
Aññindriyasuttaṃ,,Section Title: sn.5.4/Section 493,1
Aññāsuttaṃ,,Section Title: sn.5.3/Section 402,1
Aḍḍakaraṇasuttaṃ,,Section Title: sn.1.3/Section 118,1
Aṭṭhasatapariyāyavaggo,,Vagga Title: sn.4.2/Section 269,1
Aṭṭhasatasuttaṃ,,Section Title: sn.4.2/Section 270,1
Aṭṭhaṅgikasuttaṃ,,Section Title: sn.2.3/Section 112,1
Aṭṭhikamahapphalasuttaṃ,,Section Title: sn.5.2/Section 238,1
Aṭṭhisuttaṃ,,Section Title: sn.2.8/Section 202,1
Bahubhāṇisuttaṃ,,Section Title: an5.22/Section 214,1
Bahudhītarasuttaṃ,,Section Title: sn.1.7/Section 196,1
Bahukārasuttaṃ,,Section Title: an3.3/Section 24,1
Bahussutasuttaṃ,,Section Title: sn.4.3/Section 300,1
Bahūpakārasuttaṃ,,Section Title: an5.24/Section 234,1
Bakabrahmasuttaṃ,,Section Title: sn.1.6/Section 175,1
Balakaraṇīyādisuttadvādasakaṃ,,Section Title: sn.5.5/Section 673,1
Balavaggo,,Vagga Title: sn.4.3/Section 304,1
Balādisuttaṃ,,Section Title: sn.5.2/Section 280,1
Baḷisasuttaṃ,,Section Title: sn.2.6/Section 158,1
Bhaddajisuttaṃ,,Section Title: an5.17/Section 170,1
Bhaddiyasuttaṃ,,Section Title: sn.5.11/Section 1044,1
Bhadrakasuttaṃ,,Section Title: sn.4.8/Section 363,1
Bhaginisuttaṃ,,Section Title: sn.2.4/Section 140,1
Bharaṇḍukālāmasuttaṃ,,Section Title: an3.13/Section 127,1
Bhariyāsuttaṃ,,Section Title: an7.6/Section 63,1
Bhattuddesakasuttaṃ,,Section Title: an5.27/Section 272,1
Bhavapañhāsuttaṃ,,Section Title: sn.4.4/Section 326,1
Bhayasuttaṃ,,Section Title: an3.1/Section 1,1
Bhaṇḍanakārakasuttaṃ,,Section Title: an5.22/Section 212,1
Bhaṇḍanasuttaṃ,,Section Title: an3.13/Section 125,1
Bhikkhakasuttaṃ,,Section Title: sn.1.7/Section 206,1
Bhikkhunupassayasuttaṃ,,Section Title: sn.5.3/Section 376,1
Bhikkhunīsuttādichakkaṃ,,Section Title: an5.28/Section 287,1
Bhindisuttaṃ,,Section Title: sn.2.6/Section 180,1
Bhogasuttaṃ,,Section Title: an5.23/Section 227,1
Bhojanasuttaṃ,,Section Title: an5.4/Section 37,1
Bhāradvājasuttaṃ,,Section Title: sn.4.1/Section 127,1
Bhātusuttaṃ,,Section Title: sn.2.4/Section 139,1
Bhāvitasuttaṃ,,Section Title: sn.5.3/Section 400,1
Bhītāsuttaṃ,,Section Title: sn.1.1/Section 75,1
Bhūmijasuttaṃ,,Section Title: sn.2.1/Section 25,1
Bhūripaññāsuttaṃ,,Section Title: sn.5.11/Section 1063,1
Bhūtasuttaṃ,,Section Title: sn.2.1/Section 31,1
Bilaṅgikasuttaṃ,,Section Title: sn.1.7/Section 190,1
Biḷārasuttaṃ,,Section Title: sn.2.9/Section 232,1
Bodhipakkhiyavaggo,,Vagga Title: sn.5.4/Section 531,1
Bodhāyasuttaṃ,,Section Title: sn.5.2/Section 202,1
Bojjhaṅgadesanāsuttaṃ,,Section Title: sn.5.2/Section 203,1
Brahmadevasuttaṃ,,Section Title: sn.1.6/Section 174,1
Brahmalokasuttaṃ,,Section Title: sn.1.6/Section 177,1
Brahmasuttaṃ,,Section Title: sn.5.3/Section 384,1
Brahmaññasuttaṃ,,Section Title: sn.5.12/Section 1139,1
Brahmāyācanasuttaṃ,,Section Title: sn.1.6/Section 172,1
Brāhmaṇasuttaṃ,,Section Title: an7.9/Section 87,1
Buddhasuttaṃ,,Section Title: sn.5.7/Section 820,1
Buddhavaggo,,Vagga Title: sn.2.1/Section 1,1
Buddhavandanāsuttaṃ,,Section Title: sn.1.11/Section 263,1
Buddhisuttaṃ,,Section Title: sn.5.2/Section 218,1
Byāpannasuttaṃ,,Section Title: an3.11/Section 111,1
Bāhiraaniccanandikkhayasuttaṃ,,Section Title: sn.4.1/Section 159,1
Bāhiradhātunānattasuttaṃ,,Section Title: sn.2.3/Section 90,1
Bāhiradukkhachandādisuttaṃ,,Section Title: sn.4.1/Section 180,1
Bāhiradukkhahetusuttaṃ,,Section Title: sn.4.1/Section 144,1
Bāhiradukkhasuttaṃ,,Section Title: sn.4.1/Section 5,1
Bāhiradukkhātītānāgatasuttaṃ,,Section Title: sn.4.1/Section 11,1
Bāhiranandikkhayasuttaṃ,,Section Title: sn.4.1/Section 157,1
Bāhiraphassanānattasuttaṃ,,Section Title: sn.2.3/Section 93,1
Bāhiraṅgasuttaṃ,,Section Title: sn.5.2/Section 231,1
Bāhirānattachandādisuttaṃ,,Section Title: sn.4.1/Section 183,1
Bāhirānattahetusuttaṃ,,Section Title: sn.4.1/Section 145,1
Bāhirānattasuttaṃ,,Section Title: sn.4.1/Section 6,1
Bāhirānattātītānāgatasuttaṃ,,Section Title: sn.4.1/Section 12,1
Bāhirāniccachandādisuttaṃ,,Section Title: sn.4.1/Section 177,1
Bāhirāniccahetusuttaṃ,,Section Title: sn.4.1/Section 143,1
Bāhirāniccasuttaṃ,,Section Title: sn.4.1/Section 4,1
Bāhirāniccātītānāgatasuttaṃ,,Section Title: sn.4.1/Section 10,1
Bāhirātītādianattasuttaṃ,,Section Title: sn.4.1/Section 201,1
Bāhirātītādianiccasuttaṃ,,Section Title: sn.4.1/Section 195,1
Bāhirātītādidukkhasuttaṃ,,Section Title: sn.4.1/Section 198,1
Bāhirātītādiyadanattasuttaṃ,,Section Title: sn.4.1/Section 219,1
Bāhirātītādiyadaniccasuttaṃ,,Section Title: sn.4.1/Section 213,1
Bāhirātītādiyaṃdukkhasuttaṃ,,Section Title: sn.4.1/Section 216,1
Bāhirāyatanaanattasuttaṃ,,Section Title: sn.4.1/Section 227,1
Bāhirāyatanaaniccasuttaṃ,,Section Title: sn.4.1/Section 225,1
Bāhirāyatanadukkhasuttaṃ,,Section Title: sn.4.1/Section 226,1
Bāhirāyatanaparijānanasuttaṃ,,Section Title: sn.4.1/Section 112,1
Bālapaṇḍitasuttaṃ,,Section Title: sn.2.1/Section 19,1
Bāḷhagilānasuttaṃ,,Section Title: sn.5.8/Section 908,1
Bāḷisikopamasuttaṃ,,Section Title: sn.4.1/Section 230,1
Bījagāmasuttaṃ,,Section Title: sn.5.12/Section 1148,1
Cakkavattivaggo,,Vagga Title: sn.5.2/Section 222,1
Candimasasuttaṃ,,Section Title: sn.1.2/Section 92,1
Candimasuttaṃ,,Section Title: sn.1.2/Section 90,1
Candūpamasuttaṃ,,Section Title: sn.2.5/Section 146,1
Catucakkasuttaṃ,,Section Title: sn.1.1/Section 29,1
Catudhātusuttaṃ,,Section Title: sn.2.3/Section 114,1
Catumahārājasuttaṃ,,Section Title: an3.4/Section 37,1
Catutthaanāgatabhayasuttaṃ,,Section Title: an5.8/Section 80,1
Catutthahitasuttaṃ,,Section Title: an5.2/Section 20,1
Catutthajhānapañhāsuttaṃ,,Section Title: sn.4.6/Section 335,1
Catutthakhatasuttaṃ,,Section Title: an3.15/Section 154,1
Catutthapubbārāmasuttaṃ,,Section Title: sn.5.4/Section 518,1
Catuttharukkhasuttaṃ,,Section Title: sn.5.4/Section 540,1
Catutthasāriputtakoṭṭhikasuttaṃ,,Section Title: sn.4.10/Section 415,1
Catutthavinayadharasobhanasuttaṃ,,Section Title: an7.8/Section 82,1
Catutthavinayadharasuttaṃ,,Section Title: an7.8/Section 78,1
Catutthaāmakadhaññapeyyālavaggo,,Vagga Title: sn.5.12/Section 1161,1
Caṇḍasuttaṃ,,Section Title: sn.4.8/Section 353,1
Caṇḍālasuttaṃ,,Section Title: an5.18/Section 175,1
Celasuttaṃ,,Section Title: sn.5.12/Section 1104,1
Cetanāsuttaṃ,,Section Title: sn.2.1/Section 38,1
Cetiyasuttaṃ,,Section Title: sn.5.7/Section 822,1
Cetokhilasuttaṃ,,Section Title: an5.21/Section 205,1
Cetopariyasuttaṃ,,Section Title: sn.5.8/Section 912,1
Chandasamādhisuttaṃ,,Section Title: sn.5.7/Section 825,1
Chandasuttaṃ,,Section Title: sn.5.3/Section 403,1
Channavaggo,,Vagga Title: sn.4.1/Section 84,1
Chaphassāyatanasuttaṃ,,Section Title: sn.1.4/Section 153,1
Chappāṇakopamasuttaṃ,,Section Title: sn.4.1/Section 247,1
Chavisuttaṃ,,Section Title: sn.2.6/Section 177,1
Chaḷindriyavaggo,,Vagga Title: sn.5.4/Section 491,1
Chedanādisuttaṃ,,Section Title: sn.5.12/Section 1166,1
Chetvāvaggo,,Vagga Title: sn.1.1/Section 71,1
Cintasuttaṃ,,Section Title: sn.5.12/Section 1078,1
Cintīsuttaṃ,,Section Title: an3.1/Section 3,1
Ciraṭṭhitisuttaṃ,,Section Title: sn.5.3/Section 388,1
Cittasuttaṃ,,Section Title: sn.1.1/Section 62,1
Codanāsuttaṃ,,Section Title: an5.17/Section 167,1
Cundasuttaṃ,,Section Title: sn.5.3/Section 379,1
Cundīsuttaṃ,,Section Title: an5.4/Section 32,1
Cālāsuttaṃ,,Section Title: sn.1.5/Section 167,1
Cāpālavaggo,,Vagga Title: sn.5.7/Section 813,1
Cīrāsuttaṃ,,Section Title: sn.1.10/Section 245,1
Cūḷanikāsuttaṃ,,Section Title: an3.8/Section 81,1
Daharasuttaṃ,,Section Title: sn.1.3/Section 112,1
Dantakaṭṭhasuttaṃ,,Section Title: an5.21/Section 208,1
Dasabalasuttaṃ,,Section Title: sn.2.1/Section 21,1
Dasabalavaggo,,Vagga Title: sn.2.1/Section 21,1
Dasakammapathasuttaṃ,,Section Title: sn.2.3/Section 111,1
Dasaṅgasuttaṃ,,Section Title: sn.2.3/Section 113,1
Devacutinirayādisuttaṃ,,Section Title: sn.5.12/Section 1178,1
Devadahasuttaṃ,,Section Title: sn.4.1/Section 134,1
Devadahavaggo,,Vagga Title: sn.4.1/Section 134,1
Devadattasuttaṃ,,Section Title: sn.1.6/Section 183,1
Devadūtasuttaṃ,,Section Title: an3.4/Section 36,1
Devahitasuttaṃ,,Section Title: sn.1.7/Section 199,1
Devalokasuttaṃ,,Section Title: an3.2/Section 18,1
Devamanussanirayādisuttaṃ,,Section Title: sn.5.12/Section 1181,1
Dhajaggasuttaṃ,,Section Title: sn.1.11/Section 249,1
Dhammacakkappavattanasuttaṃ,,Section Title: sn.5.12/Section 1081,1
Dhammacakkappavattanavaggo,,Vagga Title: sn.5.12/Section 1081,1
Dhammadinnasuttaṃ,,Section Title: sn.5.11/Section 1049,1
Dhammakathikapucchasuttaṃ,,Section Title: sn.4.1/Section 155,1
Dhammakathikasuttaṃ,,Section Title: sn.2.1/Section 16,1
Dhammassavanasuttaṃ,,Section Title: an5.21/Section 202,1
Dhammavādīpañhāsuttaṃ,,Section Title: sn.4.4/Section 316,1
Dhammaññūsuttaṃ,,Section Title: an7.7/Section 68,1
Dhanasuttaṃ,,Section Title: an5.5/Section 47,1
Dhanañjānīsuttaṃ,,Section Title: sn.1.7/Section 187,1
Dhanuggahasuttaṃ,,Section Title: sn.2.9/Section 228,1
Dhātunānattasuttaṃ,,Section Title: sn.2.3/Section 85,1
Dhātusuttaṃ,,Section Title: sn.2.7/Section 196,1
Dhītusuttaṃ,,Section Title: sn.2.4/Section 142,1
Dibbacakkhusuttaṃ,,Section Title: sn.5.8/Section 921,1
Dibbasotasuttaṃ,,Section Title: sn.5.8/Section 911,1
Diddhasuttaṃ,,Section Title: sn.2.6/Section 163,1
Doṇabrāhmaṇasuttaṃ,,Section Title: an5.20/Section 192,1
Doṇapākasuttaṃ,,Section Title: sn.1.3/Section 124,1
Dubbaṇṇiyasuttaṃ,,Section Title: sn.1.11/Section 268,1
Duccaritasuttaṃ,,Section Title: sn.5.3/Section 413,1
Duggatasuttaṃ,,Section Title: sn.2.4/Section 134,1
Dukkarapañhāsuttaṃ,,Section Title: sn.4.4/Section 329,1
Dukkathāsuttaṃ,,Section Title: an5.16/Section 157,1
Dukkhachandādisuttaṃ,,Section Title: sn.4.1/Section 171,1
Dukkhadhammasuttaṃ,,Section Title: sn.4.1/Section 244,1
Dukkhanibbānasappāyasuttaṃ,,Section Title: sn.4.1/Section 148,1
Dukkhapañhāsuttaṃ,,Section Title: sn.4.4/Section 327,1
Dukkhasamudayasuttaṃ,,Section Title: sn.4.1/Section 106,1
Dukkhavaggo,,Vagga Title: sn.2.1/Section 51,1
Dukkhānupassīsuttaṃ,,Section Title: an7.2/Section 17,1
Dullabhasuttaṃ,,Section Title: an3.12/Section 115,1
Duppaññasuttaṃ,,Section Title: sn.5.2/Section 225,1
Duppaṭivinodayasuttaṃ,,Section Title: an5.16/Section 160,1
Dutiyaabhisandasuttaṃ,,Section Title: sn.5.11/Section 1038,1
Dutiyaaggisuttaṃ,,Section Title: an7.5/Section 47,1
Dutiyaagāravasuttaṃ,,Section Title: an5.3/Section 22,1
Dutiyaakkhantisuttaṃ,,Section Title: an5.22/Section 216,1
Dutiyaanuruddhasuttaṃ,,Section Title: an3.13/Section 131,1
Dutiyaanusayasuttaṃ,,Section Title: an7.2/Section 12,1
Dutiyaanāgatabhayasuttaṃ,,Section Title: an5.8/Section 78,1
Dutiyaaparijānanasuttaṃ,,Section Title: sn.4.1/Section 27,1
Dutiyaaputtakasuttaṃ,,Section Title: sn.1.3/Section 131,1
Dutiyaapāsādikasuttaṃ,,Section Title: an5.22/Section 218,1
Dutiyaarahantasuttaṃ,,Section Title: sn.5.4/Section 475,1
Dutiyaariyasāvakasuttaṃ,,Section Title: sn.2.1/Section 50,1
Dutiyaassutavāsuttaṃ,,Section Title: sn.2.1/Section 62,1
Dutiyaassādapariyesanasuttaṃ,,Section Title: sn.4.1/Section 16,1
Dutiyaassādasuttaṃ,,Section Title: an3.11/Section 106,1
Dutiyaavaṇṇārahasuttaṃ,,Section Title: an5.24/Section 237,1
Dutiyaavijjāpaccayasuttaṃ,,Section Title: sn.2.1/Section 36,1
Dutiyaavijjāpahānasuttaṃ,,Section Title: sn.4.1/Section 80,1
Dutiyabhavasuttaṃ,,Section Title: an3.8/Section 78,1
Dutiyabhikkhusuttaṃ,,Section Title: sn.5.7/Section 842,1
Dutiyabāhiraphassanānattasuttaṃ,,Section Title: sn.2.3/Section 94,1
Dutiyacatumahārājasuttaṃ,,Section Title: an3.4/Section 38,1
Dutiyacetanāsuttaṃ,,Section Title: sn.2.1/Section 39,1
Dutiyacetovimuttiphalasuttaṃ,,Section Title: an5.8/Section 72,1
Dutiyachaphassāyatanasuttaṃ,,Section Title: sn.4.1/Section 72,1
Dutiyachiggaḷayugasuttaṃ,,Section Title: sn.5.12/Section 1118,1
Dutiyadasabalasuttaṃ,,Section Title: sn.2.1/Section 22,1
Dutiyadhammavihārīsuttaṃ,,Section Title: an5.8/Section 74,1
Dutiyadhāraṇasuttaṃ,,Section Title: sn.5.12/Section 1086,1
Dutiyaduccaritasuttaṃ,,Section Title: an5.25/Section 245,1
Dutiyadukkhuppādasuttaṃ,,Section Title: sn.4.1/Section 22,1
Dutiyadvayasuttaṃ,,Section Title: sn.4.1/Section 93,1
Dutiyadvebrāhmaṇasuttaṃ,,Section Title: an3.6/Section 53,1
Dutiyadārukkhandhopamasuttaṃ,,Section Title: sn.4.1/Section 242,1
Dutiyadīghacārikasuttaṃ,,Section Title: an5.23/Section 222,1
Dutiyaejāsuttaṃ,,Section Title: sn.4.1/Section 91,1
Dutiyagelaññasuttaṃ,,Section Title: sn.4.2/Section 256,1
Dutiyahatthapādopamasuttaṃ,,Section Title: sn.4.1/Section 237,1
Dutiyahitasuttaṃ,,Section Title: an5.2/Section 18,1
Dutiyaiddhipādasuttaṃ,,Section Title: an5.7/Section 68,1
Dutiyaisidattasuttaṃ,,Section Title: sn.4.7/Section 345,1
Dutiyajanasuttaṃ,,Section Title: sn.1.1/Section 56,1
Dutiyajhānapañhāsuttaṃ,,Section Title: sn.4.6/Section 333,1
Dutiyajhānasuttādisattakaṃ,,Section Title: an5.26/Section 257,1
Dutiyakassapasuttaṃ,,Section Title: sn.1.2/Section 83,1
Dutiyakaṇhasappasuttaṃ,,Section Title: an5.23/Section 230,1
Dutiyakaṇḍakīsuttaṃ,,Section Title: sn.5.8/Section 903,1
Dutiyakhatasuttaṃ,,Section Title: an3.15/Section 152,1
Dutiyakoṭigāmasuttaṃ,,Section Title: sn.5.12/Section 1092,1
Dutiyakulaputtasuttaṃ,,Section Title: sn.5.12/Section 1074,1
Dutiyakulūpakasuttaṃ,,Section Title: an5.23/Section 226,1
Dutiyakusalasuttaṃ,,Section Title: sn.5.2/Section 213,1
Dutiyakāmabhūsuttaṃ,,Section Title: sn.4.7/Section 348,1
Dutiyakāyaduccaritasuttaṃ,,Section Title: an5.25/Section 246,1
Dutiyamacchariyasuttaṃ,,Section Title: an5.24/Section 240,1
Dutiyamahaddhanasuttaṃ,,Section Title: sn.5.11/Section 1041,1
Dutiyamahāpathavīsuttaṃ,,Section Title: sn.5.12/Section 1126,1
Dutiyamahārukkhasuttaṃ,,Section Title: sn.2.1/Section 56,1
Dutiyamahāsamuddasuttaṃ,,Section Title: sn.5.12/Section 1128,1
Dutiyamanoduccaritasuttaṃ,,Section Title: an5.25/Section 248,1
Dutiyamigajālasuttaṃ,,Section Title: sn.4.1/Section 64,1
Dutiyamittasuttaṃ,,Section Title: an7.4/Section 37,1
Dutiyamoranivāpasuttaṃ,,Section Title: an3.14/Section 145,1
Dutiyaniddasasuttaṃ,,Section Title: an7.4/Section 43,1
Dutiyanidānasuttaṃ,,Section Title: an3.11/Section 113,1
Dutiyanoceassādasuttaṃ,,Section Title: sn.4.1/Section 18,1
Dutiyaovādasuttaṃ,,Section Title: sn.2.5/Section 150,1
Dutiyapabbatasuttaṃ,,Section Title: sn.2.2/Section 83,1
Dutiyapabbatūpamasuttaṃ,,Section Title: sn.5.12/Section 1130,1
Dutiyapajjunnadhītusuttaṃ,,Section Title: sn.1.1/Section 40,1
Dutiyaparihānisuttaṃ,,Section Title: an7.3/Section 29,1
Dutiyapathavīsuttaṃ,,Section Title: sn.2.2/Section 79,1
Dutiyapañcaverabhayasuttaṃ,,Section Title: sn.2.1/Section 42,1
Dutiyapaṭisambhidāsuttaṃ,,Section Title: an7.4/Section 39,1
Dutiyapeyyālavaggo,,Vagga Title: sn.4.3/Section 294,1
Dutiyapiyasuttaṃ,,Section Title: an7.1/Section 2,1
Dutiyapubbesambodhasuttaṃ,,Section Title: sn.4.1/Section 14,1
Dutiyapubbārāmasuttaṃ,,Section Title: sn.5.4/Section 516,1
Dutiyapāpaṇikasuttaṃ,,Section Title: an3.2/Section 20,1
Dutiyarahogatasuttaṃ,,Section Title: sn.5.8/Section 900,1
Dutiyarukkhasuttaṃ,,Section Title: sn.5.4/Section 538,1
Dutiyarūpārāmasuttaṃ,,Section Title: sn.4.1/Section 137,1
Dutiyasabbupādānapariyādānasuttaṃ,,Section Title: sn.4.1/Section 62,1
Dutiyasaddhammasammosasuttaṃ,,Section Title: an5.16/Section 155,1
Dutiyasamayavimuttasuttaṃ,,Section Title: an5.15/Section 150,1
Dutiyasambahulasuttaṃ,,Section Title: sn.4.2/Section 266,1
Dutiyasambhejjaudakasuttaṃ,,Section Title: sn.2.2/Section 77,1
Dutiyasammattaniyāmasuttaṃ,,Section Title: an5.16/Section 152,1
Dutiyasamugghātasappāyasuttaṃ,,Section Title: sn.4.1/Section 32,1
Dutiyasattakasuttaṃ,,Section Title: an7.3/Section 24,1
Dutiyasatthusuttādidasakaṃ,,Section Title: sn.2.1/Section 73,1
Dutiyasaṃbhejjasuttaṃ,,Section Title: sn.5.12/Section 1124,1
Dutiyasaṃkhittasuttaṃ,,Section Title: sn.5.4/Section 483,1
Dutiyasaṃyojanasuttaṃ,,Section Title: sn.2.1/Section 54,1
Dutiyasaṅgāmasuttaṃ,,Section Title: sn.1.3/Section 126,1
Dutiyasekhasuttaṃ,,Section Title: an5.9/Section 90,1
Dutiyasikkhattayasuttaṃ,,Section Title: an3.9/Section 91,1
Dutiyasikkhāsuttaṃ,,Section Title: an3.9/Section 88,1
Dutiyasinerupabbatarājasuttaṃ,,Section Title: sn.5.12/Section 1120,1
Dutiyasiṅgālasuttaṃ,,Section Title: sn.2.9/Section 234,1
Dutiyasoceyyasuttaṃ,,Section Title: an3.12/Section 122,1
Dutiyasotāpannasuttaṃ,,Section Title: sn.5.4/Section 473,1
Dutiyasovacassatāsuttaṃ,,Section Title: an7.4/Section 35,1
Dutiyasukkāsuttaṃ,,Section Title: sn.1.10/Section 244,1
Dutiyasuttaṃ,,Section Title: sn.1.1/Section 59,1
Dutiyasāriputtakoṭṭhikasuttaṃ,,Section Title: sn.4.10/Section 413,1
Dutiyasūcilomasuttaṃ,,Section Title: sn.2.8/Section 210,1
Dutiyasūriyasuttaṃ,,Section Title: sn.5.12/Section 1108,1
Dutiyasūriyūpamasuttaṃ,,Section Title: sn.5.2/Section 194,1
Dutiyauppannasuttaṃ,,Section Title: sn.5.2/Section 191,1
Dutiyauppādasuttaṃ,,Section Title: sn.5.4/Section 530,1
Dutiyavacīduccaritasuttaṃ,,Section Title: an5.25/Section 247,1
Dutiyavasasuttaṃ,,Section Title: an7.4/Section 41,1
Dutiyavaḍḍhisuttaṃ,,Section Title: an5.7/Section 64,1
Dutiyavedanānānattasuttaṃ,,Section Title: sn.2.3/Section 89,1
Dutiyavinayadharasobhanasuttaṃ,,Section Title: an7.8/Section 80,1
Dutiyavinayadharasuttaṃ,,Section Title: an7.8/Section 76,1
Dutiyavitthārasuttaṃ,,Section Title: sn.5.4/Section 486,1
Dutiyavuḍḍhapabbajitasuttaṃ,,Section Title: an5.6/Section 60,1
Dutiyayodhājīvasuttaṃ,,Section Title: an5.8/Section 76,1
Dutiyañāṇavatthusuttaṃ,,Section Title: sn.2.1/Section 34,1
Dutiyaāghātapaṭivinayasuttaṃ,,Section Title: an5.17/Section 162,1
Dutiyaājānīyasuttaṃ,,Section Title: an3.10/Section 98,1
Dutiyaākāsasuttaṃ,,Section Title: sn.4.2/Section 261,1
Dutiyaāmakadhaññapeyyālavaggo,,Vagga Title: sn.5.12/Section 1141,1
Dutiyaāyusuttaṃ,,Section Title: sn.1.4/Section 146,1
Dutiyābhinandasuttaṃ,,Section Title: sn.4.1/Section 20,1
Dāmalisuttaṃ,,Section Title: sn.1.2/Section 86,1
Dānamahapphalasuttaṃ,,Section Title: an7.5/Section 52,1
Dānānisaṃsasuttaṃ,,Section Title: an5.4/Section 35,1
Dāruṇasuttaṃ,,Section Title: sn.2.6/Section 157,1
Dāsidāsasuttaṃ,,Section Title: sn.5.12/Section 1157,1
Dīghalaṭṭhisuttaṃ,,Section Title: sn.1.2/Section 94,1
Dīghalomikasuttaṃ,,Section Title: sn.2.6/Section 160,1
Dūteyyasuttaṃ,,Section Title: sn.5.12/Section 1163,1
Ekabījīsuttaṃ,,Section Title: sn.5.4/Section 494,1
Ekadhammasuttaṃ,,Section Title: sn.5.2/Section 210,1
Ekadhītusuttaṃ,,Section Title: sn.2.6/Section 173,1
Ekamūlasuttaṃ,,Section Title: sn.1.1/Section 44,1
Ekantadukkhasuttaṃ,,Section Title: sn.2.3/Section 118,1
Ekaputtakasuttaṃ,,Section Title: sn.2.6/Section 172,1
Ekasuttaṃ,,Section Title: sn.4.3/Section 307,1
Ekāsanikasuttaṃ,,Section Title: an5.19/Section 188,1
Esanādisuttadvādasakaṃ,,Section Title: sn.5.6/Section 792,1
Esanādisuttaṃ,,Section Title: sn.5.2/Section 292,1
Eṇijaṅghasuttaṃ,,Section Title: sn.1.1/Section 30,1
Gadrabhasuttaṃ,,Section Title: an3.9/Section 83,1
Gaggarāsuttaṃ,,Section Title: sn.1.8/Section 219,1
Gahaṭṭhavandanāsuttaṃ,,Section Title: sn.1.11/Section 264,1
Gambhīrapaññāsuttaṃ,,Section Title: sn.5.11/Section 1061,1
Gandhajātasuttaṃ,,Section Title: an3.8/Section 80,1
Gandhatthenasuttaṃ,,Section Title: sn.1.9/Section 234,1
Gandhavilepanasuttaṃ,,Section Title: sn.5.12/Section 1150,1
Gavampatisuttaṃ,,Section Title: sn.5.12/Section 1100,1
Gavesīsuttaṃ,,Section Title: an5.18/Section 180,1
Gaṅgānadīādisuttaṃ,,Section Title: sn.5.2/Section 258,1
"Gaṅgāpeyyālavaggo, Appamādavaggo",,Vagga Title: sn.5.5/Section 651,1
Gaṅgāsuttaṃ,,Section Title: sn.2.4/Section 131,1
Ghaṭasuttaṃ,,Section Title: sn.2.10/Section 237,1
Ghositasuttaṃ,,Section Title: sn.4.1/Section 129,1
Gihisuttaṃ,,Section Title: an5.18/Section 179,1
Gilānadassanasuttaṃ,,Section Title: sn.4.7/Section 352,1
Giñjakāvasathasuttaṃ,,Section Title: sn.2.3/Section 97,1
Godattasuttaṃ,,Section Title: sn.4.7/Section 349,1
Godhikasuttaṃ,,Section Title: sn.1.4/Section 159,1
Gotamakacetiyasuttaṃ,,Section Title: an3.13/Section 126,1
Gotamasuttaṃ,,Section Title: sn.2.1/Section 10,1
Gāravasuttaṃ,,Section Title: sn.1.6/Section 173,1
Gītassarasuttaṃ,,Section Title: an5.21/Section 209,1
Gūthabhāṇīsuttaṃ,,Section Title: an3.3/Section 28,1
Gūthakhādasuttaṃ,,Section Title: sn.2.8/Section 213,1
Hatthigavassasuttaṃ,,Section Title: sn.5.12/Section 1160,1
Hatthirājavaṇṇasuttaṃ,,Section Title: sn.1.4/Section 138,1
Hatthārohasuttaṃ,,Section Title: sn.4.8/Section 356,1
Hetusuttaṃ,,Section Title: sn.4.3/Section 310,1
Himavantasuttaṃ,,Section Title: sn.5.2/Section 182,1
Hirīgāravasuttaṃ,,Section Title: an7.4/Section 33,1
Hirīottappasuttaṃ,,Section Title: an7.7/Section 65,1
Hirīsuttaṃ,,Section Title: sn.1.1/Section 18,1
Hāliddikānisuttaṃ,,Section Title: sn.4.1/Section 130,1
Hāsapaññāsuttaṃ,,Section Title: sn.5.11/Section 1067,1
Hīnādhimuttikasuttaṃ,,Section Title: sn.2.3/Section 98,1
Icchāsuttaṃ,,Section Title: sn.1.1/Section 69,1
Iddhipadesasuttaṃ,,Section Title: sn.5.7/Section 817,1
Iddhipādasuttaṃ,,Section Title: sn.4.9/Section 372,1
Iddhividhasuttaṃ,,Section Title: sn.5.8/Section 910,1
Iddhādidesanāsuttaṃ,,Section Title: sn.5.7/Section 831,1
Indakasuttaṃ,,Section Title: sn.1.10/Section 235,1
Indakhīlasuttaṃ,,Section Title: sn.5.12/Section 1109,1
Indriyaparopariyattasuttaṃ,,Section Title: sn.5.8/Section 918,1
Indriyasampannasuttaṃ,,Section Title: sn.4.1/Section 154,1
Indriyasuttaṃ,,Section Title: sn.4.9/Section 373,1
Issariyasuttaṃ,,Section Title: sn.1.1/Section 77,1
Issattasuttaṃ,,Section Title: sn.1.3/Section 135,1
Issukīsuttaṃ,,Section Title: sn.4.3/Section 286,1
Iṭṭhasuttaṃ,,Section Title: an5.5/Section 43,1
Janapadakalyāṇīsuttaṃ,,Section Title: sn.5.3/Section 386,1
Jantusuttaṃ,,Section Title: sn.1.2/Section 106,1
Jarādhammasuttaṃ,,Section Title: sn.5.4/Section 511,1
Jarāsuttaṃ,,Section Title: sn.1.1/Section 51,1
Javanapaññāsuttaṃ,,Section Title: sn.5.11/Section 1068,1
Jetavanasuttaṃ,,Section Title: sn.1.1/Section 48,1
Jhānābhiññasuttaṃ,,Section Title: sn.2.5/Section 152,1
Jhānādisuttadvādasakaṃ,,Section Title: sn.5.9/Section 923,1
Jhānādisuttaṃ,,Section Title: sn.5.8/Section 919,1
Jigucchitabbasuttaṃ,,Section Title: an3.3/Section 27,1
Jiṇṇasuttaṃ,,Section Title: sn.2.5/Section 148,1
Jāgarasuttaṃ,,Section Title: sn.1.1/Section 6,1
Jātarūparajatasuttaṃ,,Section Title: sn.5.12/Section 1153,1
Jātidhammavaggo,,Vagga Title: sn.4.1/Section 33,1
Jātidhammādisuttadasakaṃ,,Section Title: sn.4.1/Section 33,1
Jātisuttādidasakaṃ,,Section Title: sn.2.1/Section 72,1
Jīvakambavanapaṭisallānasuttaṃ,,Section Title: sn.4.1/Section 161,1
Jīvakambavanasamādhisuttaṃ,,Section Title: sn.4.1/Section 160,1
Jīvitindriyasuttaṃ,,Section Title: sn.5.4/Section 492,1
Kaccānagottasuttaṃ,,Section Title: sn.2.1/Section 15,1
Kakudhasuttaṃ,,Section Title: sn.1.2/Section 99,1
Kakusandhasuttaṃ,,Section Title: sn.2.1/Section 7,1
Kaliṅgarasuttaṃ,,Section Title: sn.2.9/Section 230,1
Kalyāṇamittasuttaṃ,,Section Title: sn.1.3/Section 129,1
Kalyāṇīsuttaṃ,,Section Title: sn.2.6/Section 171,1
Kammanirodhasuttaṃ,,Section Title: sn.4.1/Section 146,1
Kammantasuttaṃ,,Section Title: an3.12/Section 120,1
Kammapathavaggo,,Vagga Title: sn.2.3/Section 107,1
Kammasamādānasuttaṃ,,Section Title: sn.5.8/Section 914,1
Kappasahassasuttaṃ,,Section Title: sn.5.8/Section 909,1
Karuṇāsuttaṃ,,Section Title: sn.5.2/Section 244,1
Kasibhāradvājasuttaṃ,,Section Title: sn.1.7/Section 197,1
Kassakasuttaṃ,,Section Title: sn.1.4/Section 155,1
Kassapagottasuttaṃ,,Section Title: sn.1.9/Section 223,1
Kassapasuttaṃ,,Section Title: sn.2.1/Section 9,1
Katamodakatissasuttaṃ,,Section Title: sn.1.6/Section 179,1
Kathāpavattisuttaṃ,,Section Title: an3.5/Section 44,1
Kathāvatthusuttaṃ,,Section Title: an3.7/Section 68,1
Katichindasuttaṃ,,Section Title: sn.1.1/Section 5,1
Kavisuttaṃ,,Section Title: sn.1.1/Section 60,1
Kayavikkayasuttaṃ,,Section Title: sn.5.12/Section 1162,1
Kaḷārakhattiyavaggo,,Vagga Title: sn.2.1/Section 31,1
Kaḷārasuttaṃ,,Section Title: sn.2.1/Section 32,1
Kaṭuviyasuttaṃ,,Section Title: an3.13/Section 129,1
Kaṭṭhahārasuttaṃ,,Section Title: sn.1.7/Section 204,1
Kaṭṭhopamasuttaṃ,,Section Title: sn.5.4/Section 509,1
Kesakambalasuttaṃ,,Section Title: an3.14/Section 138,1
Kesamuttisuttaṃ,,Section Title: an3.7/Section 66,1
Khadirapattasuttaṃ,,Section Title: sn.5.12/Section 1102,1
Khalupacchābhattikasuttaṃ,,Section Title: an5.19/Section 189,1
Khatasuttaṃ,,Section Title: an3.1/Section 9,1
Khattiyasuttaṃ,,Section Title: sn.1.1/Section 14,1
Khaṇasuttaṃ,,Section Title: sn.4.1/Section 135,1
Khemasuttaṃ,,Section Title: sn.1.2/Section 103,1
Khemāsuttaṃ,,Section Title: sn.4.10/Section 410,1
Khettasuttaṃ,,Section Title: an3.9/Section 84,1
Khettavatthusuttaṃ,,Section Title: sn.5.12/Section 1161,1
Khettūpamasuttaṃ,,Section Title: sn.4.8/Section 359,1
Khippanisantisuttaṃ,,Section Title: an5.17/Section 169,1
Khomadussasuttaṃ,,Section Title: sn.1.7/Section 208,1
Khīrarukkhopamasuttaṃ,,Section Title: sn.4.1/Section 231,1
Khīrasuttaṃ,,Section Title: sn.2.4/Section 127,1
Kimatthiyabrahmacariyasuttaṃ,,Section Title: sn.4.1/Section 152,1
Kimatthiyasuttaṃ,,Section Title: sn.4.4/Section 317,1
Kinnusīhasuttaṃ,,Section Title: sn.1.4/Section 148,1
Kisāgotamīsuttaṃ,,Section Title: sn.1.5/Section 164,1
Kiṃdadasuttaṃ,,Section Title: sn.1.1/Section 42,1
Kiṃsukopamasuttaṃ,,Section Title: sn.4.1/Section 245,1
Kolitasuttaṃ,,Section Title: sn.2.10/Section 235,1
Kosalasuttaṃ,,Section Title: an5.5/Section 49,1
Kosambisuttaṃ,,Section Title: sn.2.1/Section 68,1
Koṇāgamanasuttaṃ,,Section Title: sn.2.1/Section 8,1
Koṇḍaññasuttaṃ,,Section Title: sn.1.8/Section 217,1
Koṭigāmavaggo,,Vagga Title: sn.5.12/Section 1091,1
Koṭṭhikaanattasuttaṃ,,Section Title: sn.4.1/Section 164,1
Koṭṭhikaaniccasuttaṃ,,Section Title: sn.4.1/Section 162,1
Koṭṭhikadukkhasuttaṃ,,Section Title: sn.4.1/Section 163,1
Koṭṭhikasuttaṃ,,Section Title: sn.4.1/Section 232,1
Kuhakasuttaṃ,,Section Title: an5.9/Section 83,1
Kukkuṭasūkarasuttaṃ,,Section Title: sn.5.12/Section 1159,1
Kulagharaṇīsuttaṃ,,Section Title: sn.1.9/Section 228,1
Kulāvakasuttaṃ,,Section Title: sn.1.11/Section 252,1
Kulūpakasuttaṃ,,Section Title: sn.2.5/Section 147,1
Kumbhaṇḍasuttaṃ,,Section Title: sn.2.8/Section 211,1
Kummasuttaṃ,,Section Title: sn.2.6/Section 159,1
Kummopamasuttaṃ,,Section Title: sn.4.1/Section 240,1
Kumārikasuttaṃ,,Section Title: sn.5.12/Section 1156,1
Kusaladhammasuttaṃ,,Section Title: sn.2.6/Section 182,1
Kusalamūlasuttaṃ,,Section Title: sn.2.6/Section 181,1
Kusalarāsisuttaṃ,,Section Title: sn.5.3/Section 411,1
Kusinārasuttaṃ,,Section Title: an3.13/Section 124,1
Kusītamūlakasuttaṃ,,Section Title: sn.2.3/Section 106,1
Kusītasuttaṃ,,Section Title: sn.4.3/Section 291,1
Kutūhalasālāsuttaṃ,,Section Title: sn.4.10/Section 418,1
Kuṇḍaliyasuttaṃ,,Section Title: sn.5.2/Section 187,1
Kuṭikāsuttaṃ,,Section Title: sn.1.1/Section 19,1
Kāladānasuttaṃ,,Section Title: an5.4/Section 36,1
Kāmabhūsuttaṃ,,Section Title: sn.4.1/Section 233,1
Kāmadasuttaṃ,,Section Title: sn.1.2/Section 87,1
Kāmaguṇasuttaṃ,,Section Title: sn.4.1/Section 117,1
Kāmasuttaṃ,,Section Title: sn.1.1/Section 78,1
Kāmesumicchācārasuttaṃ,,Section Title: sn.5.12/Section 1143,1
Kāraṇapālīsuttaṃ,,Section Title: an5.20/Section 194,1
Kāyagatāsatisuttaṃ,,Section Title: sn.4.9/Section 366,1
Kāyasuttaṃ,,Section Title: sn.5.2/Section 183,1
Lahupaññāsuttaṃ,,Section Title: sn.5.11/Section 1066,1
Lakkhaṇasuttaṃ,,Section Title: an3.1/Section 2,1
Lakuṇḍakabhaddiyasuttaṃ,,Section Title: sn.2.10/Section 240,1
Lekhasuttaṃ,,Section Title: an3.13/Section 133,1
Licchavikumārakasuttaṃ,,Section Title: an5.6/Section 58,1
Lohiccasuttaṃ,,Section Title: sn.4.1/Section 132,1
Lokacintāsuttaṃ,,Section Title: sn.5.12/Section 1111,1
Lokakāmaguṇavaggo,,Vagga Title: sn.4.1/Section 114,1
Lokantagamanasuttaṃ,,Section Title: sn.4.1/Section 116,1
Lokapañhāsuttaṃ,,Section Title: sn.4.1/Section 82,1
Lokasamudayasuttaṃ,,Section Title: sn.4.1/Section 107,1
Lokāyatikasuttaṃ,,Section Title: sn.2.1/Section 48,1
Loṇakapallasuttaṃ,,Section Title: an3.10/Section 101,1
Macchariyappahānasuttaṃ,,Section Title: an5.26/Section 255,1
Macchariyasuttaṃ,,Section Title: an7.1/Section 10,1
Madhurāsuttaṃ,,Section Title: an5.22/Section 220,1
Maggaṅgasuttaṃ,,Section Title: sn.4.9/Section 376,1
Mahaddhanasuttaṃ,,Section Title: sn.1.1/Section 28,1
Mahakapāṭihāriyasuttaṃ,,Section Title: sn.4.7/Section 346,1
Mahapphalasuttaṃ,,Section Title: sn.5.7/Section 824,1
Mahācorasuttaṃ,,Section Title: an3.5/Section 51,1
Mahākappinasuttaṃ,,Section Title: sn.2.10/Section 245,1
Mahālisuttaṃ,,Section Title: sn.1.11/Section 259,1
Mahānāmasakkasuttaṃ,,Section Title: an3.8/Section 74,1
Mahānāmasuttaṃ,,Section Title: sn.5.11/Section 1045,1
Mahāpariḷāhasuttaṃ,,Section Title: sn.5.12/Section 1113,1
Mahāpaññavaggo,,Vagga Title: sn.5.11/Section 1058,1
Mahāpaññāsuttaṃ,,Section Title: sn.5.11/Section 1058,1
Mahāpurisasuttaṃ,,Section Title: sn.5.3/Section 377,1
Mahārukkhasuttaṃ,,Section Title: sn.2.1/Section 55,1
Mahāsupinasuttaṃ,,Section Title: an5.20/Section 196,1
Mahāsālaputtasuttaṃ,,Section Title: an5.4/Section 40,1
Mahāsālasuttaṃ,,Section Title: sn.1.7/Section 200,1
Mahāvaggo,,Vagga Title: sn.2.1/Section 61,1
Majjhanhikasuttaṃ,,Section Title: sn.1.9/Section 232,1
Makkaṭasuttaṃ,,Section Title: sn.5.3/Section 373,1
Malasuttaṃ,,Section Title: an3.1/Section 10,1
Mallikasuttaṃ,,Section Title: sn.5.4/Section 522,1
Manonivāraṇasuttaṃ,,Section Title: sn.1.1/Section 24,1
Manussacutidevanirayādisuttaṃ,,Section Title: sn.5.12/Section 1175,1
Manussacutinirayasuttaṃ,,Section Title: sn.5.12/Section 1172,1
Manussacutipettivisayasuttaṃ,,Section Title: sn.5.12/Section 1174,1
Manussacutitiracchānasuttaṃ,,Section Title: sn.5.12/Section 1173,1
Manāpadāyīsuttaṃ,,Section Title: an5.5/Section 44,1
Maraṇasuttaṃ,,Section Title: sn.5.2/Section 249,1
Matteyyasuttaṃ,,Section Title: sn.5.12/Section 1136,1
Maṅgulitthisuttaṃ,,Section Title: sn.2.8/Section 215,1
Maṇibhaddasuttaṃ,,Section Title: sn.1.10/Section 238,1
Maṇicūḷakasuttaṃ,,Section Title: sn.4.8/Section 362,1
Methunasuttaṃ,,Section Title: an7.5/Section 50,1
Mettasuttaṃ,,Section Title: an7.6/Section 62,1
Mettāsahagatasuttaṃ,,Section Title: sn.5.2/Section 235,1
Mettāsuttaṃ,,Section Title: sn.5.2/Section 243,1
Micchādiṭṭhipahānasuttaṃ,,Section Title: sn.4.1/Section 165,1
Migajālavaggo,,Vagga Title: sn.4.1/Section 63,1
Moneyyasuttaṃ,,Section Title: an3.12/Section 123,1
Moḷiyaphaggunasuttaṃ,,Section Title: sn.2.1/Section 12,1
Muditāsuttaṃ,,Section Title: sn.5.2/Section 245,1
Mudutaravaggo,,Vagga Title: sn.5.4/Section 481,1
Musāvādasuttaṃ,,Section Title: sn.5.12/Section 1144,1
Māgadhasuttaṃ,,Section Title: sn.1.2/Section 85,1
Māghasuttaṃ,,Section Title: sn.1.2/Section 84,1
Mālukyaputtasuttaṃ,,Section Title: sn.4.1/Section 95,1
Mānadinnasuttaṃ,,Section Title: sn.5.3/Section 396,1
Mānakāmasuttaṃ,,Section Title: sn.1.1/Section 9,1
Mānasasuttaṃ,,Section Title: sn.1.4/Section 151,1
Mānatthaddhasuttaṃ,,Section Title: sn.1.7/Section 201,1
Māradhītusuttaṃ,,Section Title: sn.1.4/Section 161,1
Mārasuttaṃ,,Section Title: sn.5.2/Section 224,1
Mātuposakasuttaṃ,,Section Title: sn.1.7/Section 205,1
Mātāputtasuttaṃ,,Section Title: an5.6/Section 55,1
Mīḷhakasuttaṃ,,Section Title: sn.2.6/Section 161,1
Naccagītasuttaṃ,,Section Title: sn.5.12/Section 1151,1
Nadubbhiyasuttaṃ,,Section Title: sn.1.11/Section 253,1
Nagarasuttaṃ,,Section Title: sn.2.1/Section 65,1
Nagaropamasuttaṃ,,Section Title: an7.7/Section 67,1
Najīratisuttaṃ,,Section Title: sn.1.1/Section 76,1
Nakhasikhāsuttaṃ,,Section Title: sn.2.2/Section 74,1
Nakulapitusuttaṃ,,Section Title: sn.4.1/Section 131,1
Nandamātāsuttaṃ,,Section Title: an7.5/Section 53,1
Nandanavaggo,,Vagga Title: sn.1.1/Section 11,1
Nandikkhayavaggo,,Vagga Title: sn.4.1/Section 156,1
Nandivisālasuttaṃ,,Section Title: sn.1.2/Section 109,1
Nandiyasuttaṃ,,Section Title: sn.5.11/Section 1043,1
Nasantisuttaṃ,,Section Title: sn.1.1/Section 34,1
Natthiputtasamasuttaṃ,,Section Title: sn.1.1/Section 13,1
Natumhasuttaṃ,,Section Title: sn.2.1/Section 37,1
Navakammikasuttaṃ,,Section Title: sn.1.7/Section 203,1
Navapurāṇavaggo,,Vagga Title: sn.4.1/Section 146,1
Navasuttaṃ,,Section Title: sn.2.10/Section 238,1
Naḷakalāpīsuttaṃ,,Section Title: sn.2.1/Section 67,1
Naḷavaggo,,Vagga Title: sn.1.1/Section 1,1
Nesajjikasuttaṃ,,Section Title: an5.19/Section 186,1
Nevasaññānāsaññāyatanapañhāsuttaṃ,,Section Title: sn.4.6/Section 339,1
Nhātakasuttaṃ,,Section Title: an7.9/Section 89,1
Nibbedhabhāgiyasuttaṃ,,Section Title: sn.5.2/Section 209,1
Nibbedhikapaññāsuttaṃ,,Section Title: sn.5.11/Section 1070,1
Nibbutasuttaṃ,,Section Title: an3.6/Section 56,1
Nibbānapañhāsuttaṃ,,Section Title: sn.4.4/Section 314,1
Nibbānasappāyapaṭipadāsuttaṃ,,Section Title: sn.4.1/Section 150,1
Nibbānasuttaṃ,,Section Title: an7.2/Section 19,1
Nicchavisuttaṃ,,Section Title: sn.2.8/Section 205,1
Nicchavitthisuttaṃ,,Section Title: sn.2.8/Section 214,1
Niddasavatthusuttaṃ,,Section Title: an7.2/Section 20,1
Niddātandīsuttaṃ,,Section Title: sn.1.1/Section 16,1
Nigaṇṭhanāṭaputtasuttaṃ,,Section Title: sn.4.7/Section 350,1
Nigaṇṭhasuttaṃ,,Section Title: an3.8/Section 75,1
Nigaṇṭhasuttādinavakaṃ,,Section Title: an5.28/Section 294,1
Nikkhantasuttaṃ,,Section Title: sn.1.8/Section 209,1
Nimittasuttaṃ,,Section Title: an3.10/Section 103,1
Nimokkhasuttaṃ,,Section Title: sn.1.1/Section 2,1
Nirayadevanirayādisuttaṃ,,Section Title: sn.5.12/Section 1187,1
Nirayamanussanirayādisuttaṃ,,Section Title: sn.5.12/Section 1184,1
Nirodhavaggo,,Vagga Title: sn.5.2/Section 248,1
Nirāmisasuttaṃ,,Section Title: sn.4.2/Section 279,1
Nissayasuttaṃ,,Section Title: an5.26/Section 252,1
Nissāraṇīyasuttaṃ,,Section Title: an5.20/Section 200,1
Nivesakasuttaṃ,,Section Title: an3.8/Section 76,1
Nocedaṃsuttaṃ,,Section Title: sn.2.3/Section 117,1
Nopariyesanānānattasuttaṃ,,Section Title: sn.2.3/Section 92,1
Nophassanānattasuttaṃ,,Section Title: sn.2.3/Section 87,1
Nāgadattasuttaṃ,,Section Title: sn.1.9/Section 227,1
Nāgasuttaṃ,,Section Title: sn.2.9/Section 231,1
Nāgitasuttaṃ,,Section Title: an5.3/Section 30,1
Nālandasuttaṃ,,Section Title: sn.5.3/Section 378,1
Nālandavaggo,,Vagga Title: sn.5.3/Section 377,1
Nāmarūpasuttaṃ,,Section Title: sn.2.1/Section 58,1
Nāmasuttaṃ,,Section Title: sn.1.1/Section 61,1
Nānattavaggo,,Vagga Title: sn.2.3/Section 85,1
Nānādhimuttisuttaṃ,,Section Title: sn.5.8/Section 917,1
Nānādhātusuttaṃ,,Section Title: sn.5.8/Section 916,1
Nānātitthiyasāvakasuttaṃ,,Section Title: sn.1.2/Section 111,1
Nānātitthiyavaggo,,Vagga Title: sn.1.2/Section 102,1
Nāradasuttaṃ,,Section Title: an5.5/Section 50,1
Nāsentisuttaṃ,,Section Title: sn.4.3/Section 309,1
Nāḷandasuttaṃ,,Section Title: sn.4.1/Section 126,1
Nīvaraṇasuttaṃ,,Section Title: sn.5.2/Section 221,1
Nīvaraṇavaggo,,Vagga Title: sn.5.2/Section 212,1
Odakasuttaṃ,,Section Title: sn.5.12/Section 1135,1
Oghapañhāsuttaṃ,,Section Title: sn.4.4/Section 324,1
Oghataraṇasuttaṃ,,Section Title: sn.1.1/Section 1,1
Okilinīsuttaṃ,,Section Title: sn.2.8/Section 216,1
Okkhāsuttaṃ,,Section Title: sn.2.9/Section 226,1
Ovādasuttaṃ,,Section Title: sn.2.5/Section 149,1
Pabbatarājasuttaṃ,,Section Title: an3.5/Section 49,1
Pabbatavaggo,,Vagga Title: sn.5.2/Section 182,1
Pabbatūpamasuttaṃ,,Section Title: sn.1.3/Section 136,1
Pacalāyamānasuttaṃ,,Section Title: an7.6/Section 61,1
Paccantasuttaṃ,,Section Title: sn.5.12/Section 1132,1
Paccanīkasuttaṃ,,Section Title: sn.1.7/Section 202,1
Pacāyikasuttaṃ,,Section Title: sn.5.12/Section 1140,1
Padasuttaṃ,,Section Title: sn.5.4/Section 524,1
Padesasuttaṃ,,Section Title: sn.5.3/Section 392,1
Padhāniyaṅgasuttaṃ,,Section Title: an5.6/Section 53,1
Palokadhammasuttaṃ,,Section Title: sn.4.1/Section 84,1
Palokasuttaṃ,,Section Title: an3.6/Section 57,1
Pamādavihārīsuttaṃ,,Section Title: sn.4.1/Section 97,1
Papātasuttaṃ,,Section Title: sn.5.12/Section 1112,1
Papātavaggo,,Vagga Title: sn.5.12/Section 1111,1
Paramassāsappattasuttaṃ,,Section Title: sn.4.4/Section 319,1
Paraṃmaraṇasuttaṃ,,Section Title: sn.2.5/Section 155,1
Paribbājakasuttaṃ,,Section Title: an3.6/Section 55,1
Parihānadhammasuttaṃ,,Section Title: sn.4.1/Section 96,1
Parihānasuttaṃ,,Section Title: sn.5.3/Section 389,1
Parinibbānasuttaṃ,,Section Title: sn.1.6/Section 186,1
Parivīmaṃsanasuttaṃ,,Section Title: sn.2.1/Section 51,1
Pariyāyasuttaṃ,,Section Title: sn.5.2/Section 233,1
Pariññeyyasuttaṃ,,Section Title: sn.5.12/Section 1099,1
Pariññāsuttaṃ,,Section Title: sn.5.4/Section 533,1
Pariññātasuttaṃ,,Section Title: sn.5.3/Section 404,1
Parosahassasuttaṃ,,Section Title: sn.1.8/Section 216,1
Parābhavasuttaṃ,,Section Title: an7.3/Section 31,1
Parāyanasuttaṃ,,Section Title: sn.4.9/Section 409,1
Pasayhasuttaṃ,,Section Title: sn.4.3/Section 305,1
Patirūpasuttaṃ,,Section Title: sn.1.4/Section 150,1
Patiṭṭhitasuttaṃ,,Section Title: sn.5.4/Section 526,1
Pattapiṇḍikasuttaṃ,,Section Title: an5.19/Section 190,1
Pattasuttaṃ,,Section Title: sn.1.4/Section 152,1
Pavivekasuttaṃ,,Section Title: an3.10/Section 94,1
Pavāraṇāsuttaṃ,,Section Title: sn.1.8/Section 215,1
Pañcagatipeyyālavaggo,,Vagga Title: sn.5.12/Section 1172,1
Pañcakaṅgasuttaṃ,,Section Title: sn.4.2/Section 267,1
Pañcamacchariyasuttaṃ,,Section Title: an5.26/Section 254,1
Pañcarathasatasuttaṃ,,Section Title: sn.2.6/Section 185,1
Pañcarājasuttaṃ,,Section Title: sn.1.3/Section 123,1
Pañcasikhasuttaṃ,,Section Title: sn.4.1/Section 119,1
Pañcasikkhāpadasuttaṃ,,Section Title: sn.2.3/Section 109,1
Pañcasīlasuttaṃ,,Section Title: sn.4.3/Section 303,1
Pañcasīlavisāradasuttaṃ,,Section Title: sn.4.3/Section 312,1
Pañcaverabhayasuttaṃ,,Section Title: sn.2.1/Section 41,1
Pañcaverasuttaṃ,,Section Title: sn.4.3/Section 293,1
Pañcaṅgikasuttaṃ,,Section Title: an5.3/Section 28,1
Pañcālacaṇḍasuttaṃ,,Section Title: sn.1.2/Section 88,1
Pañhapucchāsuttaṃ,,Section Title: an5.17/Section 165,1
Paññavantasuttaṃ,,Section Title: sn.5.2/Section 226,1
Paññābāhullasuttaṃ,,Section Title: sn.5.11/Section 1064,1
Paññāpaṭilābhasuttaṃ,,Section Title: sn.5.11/Section 1055,1
Paññāsuttaṃ,,Section Title: sn.5.12/Section 1133,1
Paññāvepullasuttaṃ,,Section Title: sn.5.11/Section 1057,1
Paññāvuddhisuttaṃ,,Section Title: sn.5.11/Section 1056,1
Paṃsudhovakasuttaṃ,,Section Title: an3.10/Section 102,1
Paṇḍitasuttaṃ,,Section Title: an3.5/Section 45,1
Paṭhamaaggisuttaṃ,,Section Title: an7.5/Section 46,1
Paṭhamaagāravasuttaṃ,,Section Title: an5.3/Section 21,1
Paṭhamaakkhantisuttaṃ,,Section Title: an5.22/Section 215,1
Paṭhamaanuruddhasuttaṃ,,Section Title: an3.13/Section 130,1
Paṭhamaanusayasuttaṃ,,Section Title: an7.2/Section 11,1
Paṭhamaanāgatabhayasuttaṃ,,Section Title: an5.8/Section 77,1
Paṭhamaaparijānanasuttaṃ,,Section Title: sn.4.1/Section 26,1
Paṭhamaaputtakasuttaṃ,,Section Title: sn.1.3/Section 130,1
Paṭhamaapāsādikasuttaṃ,,Section Title: an5.22/Section 217,1
Paṭhamaarahantasuttaṃ,,Section Title: sn.5.4/Section 474,1
Paṭhamaassādapariyesanasuttaṃ,,Section Title: sn.4.1/Section 15,1
Paṭhamaassādasuttaṃ,,Section Title: an3.11/Section 105,1
Paṭhamaavaṇṇārahasuttaṃ,,Section Title: an5.24/Section 236,1
Paṭhamaavijjāpahānasuttaṃ,,Section Title: sn.4.1/Section 79,1
Paṭhamabhavasuttaṃ,,Section Title: an3.8/Section 77,1
Paṭhamabhikkhusuttaṃ,,Section Title: sn.5.7/Section 841,1
Paṭhamacetovimuttiphalasuttaṃ,,Section Title: an5.8/Section 71,1
Paṭhamachaphassāyatanasuttaṃ,,Section Title: sn.4.1/Section 71,1
Paṭhamachiggaḷayugasuttaṃ,,Section Title: sn.5.12/Section 1117,1
Paṭhamadhammavihārīsuttaṃ,,Section Title: an5.8/Section 73,1
Paṭhamadhāraṇasuttaṃ,,Section Title: sn.5.12/Section 1085,1
Paṭhamaduccaritasuttaṃ,,Section Title: an5.25/Section 241,1
Paṭhamadukkhuppādasuttaṃ,,Section Title: sn.4.1/Section 21,1
Paṭhamadvayasuttaṃ,,Section Title: sn.4.1/Section 92,1
Paṭhamadvebrāhmaṇasuttaṃ,,Section Title: an3.6/Section 52,1
Paṭhamadārukkhandhopamasuttaṃ,,Section Title: sn.4.1/Section 241,1
Paṭhamadīghacārikasuttaṃ,,Section Title: an5.23/Section 221,1
Paṭhamaejāsuttaṃ,,Section Title: sn.4.1/Section 90,1
Paṭhamagelaññasuttaṃ,,Section Title: sn.4.2/Section 255,1
Paṭhamahatthapādopamasuttaṃ,,Section Title: sn.4.1/Section 236,1
Paṭhamahitasuttaṃ,,Section Title: an5.2/Section 17,1
Paṭhamaiddhipādasuttaṃ,,Section Title: an5.7/Section 67,1
Paṭhamaisidattasuttaṃ,,Section Title: sn.4.7/Section 344,1
Paṭhamajanasuttaṃ,,Section Title: sn.1.1/Section 55,1
Paṭhamajhānapañhāsuttaṃ,,Section Title: sn.4.6/Section 332,1
Paṭhamajhānasuttaṃ,,Section Title: an5.26/Section 256,1
Paṭhamakassapasuttaṃ,,Section Title: sn.1.2/Section 82,1
Paṭhamakaṇhasappasuttaṃ,,Section Title: an5.23/Section 229,1
Paṭhamakaṇḍakīsuttaṃ,,Section Title: sn.5.8/Section 902,1
Paṭhamakhatasuttaṃ,,Section Title: an3.15/Section 151,1
Paṭhamakoṭigāmasuttaṃ,,Section Title: sn.5.12/Section 1091,1
Paṭhamakulaputtasuttaṃ,,Section Title: sn.5.12/Section 1073,1
Paṭhamakulūpakasuttaṃ,,Section Title: an5.23/Section 225,1
Paṭhamakusalasuttaṃ,,Section Title: sn.5.2/Section 212,1
Paṭhamakāmabhūsuttaṃ,,Section Title: sn.4.7/Section 347,1
Paṭhamakāyaduccaritasuttaṃ,,Section Title: an5.25/Section 242,1
Paṭhamamacchariyasuttaṃ,,Section Title: an5.24/Section 239,1
Paṭhamamahaddhanasuttaṃ,,Section Title: sn.5.11/Section 1040,1
Paṭhamamahāpathavīsuttaṃ,,Section Title: sn.5.12/Section 1125,1
Paṭhamamahāsamuddasuttaṃ,,Section Title: sn.5.12/Section 1127,1
Paṭhamamanoduccaritasuttaṃ,,Section Title: an5.25/Section 244,1
Paṭhamamigajālasuttaṃ,,Section Title: sn.4.1/Section 63,1
Paṭhamamittasuttaṃ,,Section Title: an7.4/Section 36,1
Paṭhamamoranivāpasuttaṃ,,Section Title: an3.14/Section 144,1
Paṭhamaniddasasuttaṃ,,Section Title: an7.4/Section 42,1
Paṭhamanidānasuttaṃ,,Section Title: an3.11/Section 112,1
Paṭhamanoceassādasuttaṃ,,Section Title: sn.4.1/Section 17,1
Paṭhamapabbatūpamasuttaṃ,,Section Title: sn.5.12/Section 1129,1
Paṭhamapajjunnadhītusuttaṃ,,Section Title: sn.1.1/Section 39,1
Paṭhamaparihānisuttaṃ,,Section Title: an7.3/Section 28,1
Paṭhamapaṭisambhidāsuttaṃ,,Section Title: an7.4/Section 38,1
Paṭhamapeyyālavaggo,,Vagga Title: sn.4.3/Section 280,1
Paṭhamapiyasuttaṃ,,Section Title: an7.1/Section 1,1
Paṭhamapubbesambodhasuttaṃ,,Section Title: sn.4.1/Section 13,1
Paṭhamapubbārāmasuttaṃ,,Section Title: sn.5.4/Section 515,1
Paṭhamapāpaṇikasuttaṃ,,Section Title: an3.2/Section 19,1
Paṭhamarahogatasuttaṃ,,Section Title: sn.5.8/Section 899,1
Paṭhamarukkhasuttaṃ,,Section Title: sn.5.4/Section 537,1
Paṭhamarūpārāmasuttaṃ,,Section Title: sn.4.1/Section 136,1
Paṭhamasabbupādānapariyādānasuttaṃ,,Section Title: sn.4.1/Section 61,1
Paṭhamasaddhammasammosasuttaṃ,,Section Title: an5.16/Section 154,1
Paṭhamasamayavimuttasuttaṃ,,Section Title: an5.15/Section 149,1
Paṭhamasambahulasuttaṃ,,Section Title: sn.4.2/Section 265,1
Paṭhamasamiddhimārapañhāsuttaṃ,,Section Title: sn.4.1/Section 65,1
Paṭhamasammattaniyāmasuttaṃ,,Section Title: an5.16/Section 151,1
Paṭhamasamuddasuttaṃ,,Section Title: sn.4.1/Section 228,1
Paṭhamasamugghātasappāyasuttaṃ,,Section Title: sn.4.1/Section 31,1
Paṭhamasattakasuttaṃ,,Section Title: an7.3/Section 23,1
Paṭhamasaṃbhejjasuttaṃ,,Section Title: sn.5.12/Section 1123,1
Paṭhamasaṃkhittasuttaṃ,,Section Title: sn.5.4/Section 482,1
Paṭhamasaṅgāmasuttaṃ,,Section Title: sn.1.3/Section 125,1
Paṭhamasekhasuttaṃ,,Section Title: an5.9/Section 89,1
Paṭhamasikkhattayasuttaṃ,,Section Title: an3.9/Section 90,1
Paṭhamasikkhāsuttaṃ,,Section Title: an3.9/Section 87,1
Paṭhamasinerupabbatarājasuttaṃ,,Section Title: sn.5.12/Section 1119,1
Paṭhamasoceyyasuttaṃ,,Section Title: an3.12/Section 121,1
Paṭhamasotāpannasuttaṃ,,Section Title: sn.5.4/Section 472,1
Paṭhamasovacassatāsuttaṃ,,Section Title: an7.4/Section 34,1
Paṭhamasukkāsuttaṃ,,Section Title: sn.1.10/Section 243,1
Paṭhamasāriputtakoṭṭhikasuttaṃ,,Section Title: sn.4.10/Section 412,1
Paṭhamasūriyasuttaṃ,,Section Title: sn.5.12/Section 1107,1
Paṭhamasūriyūpamasuttaṃ,,Section Title: sn.5.2/Section 193,1
Paṭhamauppannasuttaṃ,,Section Title: sn.5.2/Section 190,1
Paṭhamauppādasuttaṃ,,Section Title: sn.5.4/Section 529,1
Paṭhamavacīduccaritasuttaṃ,,Section Title: an5.25/Section 243,1
Paṭhamavasasuttaṃ,,Section Title: an7.4/Section 40,1
Paṭhamavaḍḍhisuttaṃ,,Section Title: an5.7/Section 63,1
Paṭhamavinayadharasobhanasuttaṃ,,Section Title: an7.8/Section 79,1
Paṭhamavinayadharasuttaṃ,,Section Title: an7.8/Section 75,1
Paṭhamavitthārasuttaṃ,,Section Title: sn.5.4/Section 485,1
Paṭhamavuḍḍhapabbajitasuttaṃ,,Section Title: an5.6/Section 59,1
Paṭhamayodhājīvasuttaṃ,,Section Title: an5.8/Section 75,1
Paṭhamaāghātapaṭivinayasuttaṃ,,Section Title: an5.17/Section 161,1
Paṭhamaājānīyasuttaṃ,,Section Title: an3.10/Section 97,1
Paṭhamaākāsasuttaṃ,,Section Title: sn.4.2/Section 260,1
Paṭhamaāmakadhaññapeyyālavaggo,,Vagga Title: sn.5.12/Section 1131,1
Paṭhamaāyusuttaṃ,,Section Title: sn.1.4/Section 145,1
Paṭhamābhinandasuttaṃ,,Section Title: sn.4.1/Section 19,1
Paṭiccasamuppādasuttaṃ,,Section Title: sn.2.1/Section 1,1
Paṭicchannasuttaṃ,,Section Title: an3.13/Section 132,1
Paṭilābhasuttaṃ,,Section Title: sn.5.4/Section 481,1
Paṭipadāsuttaṃ,,Section Title: sn.2.1/Section 3,1
Paṭipannasuttaṃ,,Section Title: sn.5.4/Section 488,1
Paṭisambhidāpattasuttaṃ,,Section Title: an5.9/Section 86,1
Pesalasuttaṃ,,Section Title: sn.1.8/Section 211,1
Pesisuttaṃ,,Section Title: sn.2.8/Section 203,1
Pesuññasuttaṃ,,Section Title: sn.5.12/Section 1145,1
Petteyyasuttaṃ,,Section Title: sn.5.12/Section 1137,1
Pettidevanirayādisuttaṃ,,Section Title: sn.5.12/Section 1199,1
Pettidevapettivisayasuttaṃ,,Section Title: sn.5.12/Section 1201,1
Pettimanussanirayādisuttaṃ,,Section Title: sn.5.12/Section 1196,1
Phaggunapañhāsuttaṃ,,Section Title: sn.4.1/Section 83,1
Pharusavācāsuttaṃ,,Section Title: sn.5.12/Section 1146,1
Phassamūlakasuttaṃ,,Section Title: sn.4.2/Section 258,1
Phassanānattasuttaṃ,,Section Title: sn.2.3/Section 86,1
Phusatisuttaṃ,,Section Title: sn.1.1/Section 22,1
Pihitasuttaṃ,,Section Title: sn.1.1/Section 68,1
Pitusuttaṃ,,Section Title: sn.2.4/Section 138,1
Pitusuttādichakkaṃ,,Section Title: sn.2.6/Section 187,1
Piyaṅkarasuttaṃ,,Section Title: sn.1.10/Section 240,1
Piṅgiyānīsuttaṃ,,Section Title: an5.20/Section 195,1
Piṇḍolabhāradvājasuttaṃ,,Section Title: sn.5.4/Section 519,1
Potthakasuttaṃ,,Section Title: an3.10/Section 100,1
Pubbakoṭṭhakasuttaṃ,,Section Title: sn.5.4/Section 514,1
Pubbaṇhasuttaṃ,,Section Title: an3.15/Section 156,1
Pubbenivāsasuttaṃ,,Section Title: sn.5.8/Section 920,1
Pubbesambodhasuttaṃ,,Section Title: sn.2.3/Section 115,1
Pubbevasambodhasuttaṃ,,Section Title: an3.11/Section 104,1
Puggalappasādasuttaṃ,,Section Title: an5.25/Section 250,1
Punaappamādavaggo,,Vagga Title: sn.5.2/Section 324,1
Punabalakaraṇīyavaggo,,Vagga Title: sn.5.2/Section 334,1
Punabalādisuttaṃ - Soḷasamo.,,Section Title: sn.5.2/Section 334,1
Punabbasusuttaṃ,,Section Title: sn.1.10/Section 241,1
Punabbhavasuttaṃ,,Section Title: sn.5.4/Section 491,1
Punaesanādisuttaṃ - Punaesanāvaggo sattarasamo.,,Section Title: sn.5.2/Section 346,1
Punaesanāvaggo,,Vagga Title: sn.5.2/Section 346,1
Punagaṅgānadīādisuttaṃ - Vaggo cuddasamo,,Section Title: sn.5.2/Section 312,1
Punagaṅgāpeyyālavaggo,,Vagga Title: sn.5.2/Section 312,1
Punakūṭasuttaṃ,,Section Title: an5.2/Section 16,1
Punaoghavaggo,,Vagga Title: sn.5.2/Section 357,1
Punaoghādisuttaṃ - Bojjhaṅgasaṃyutassa punaoghavaggo aṭṭhārasamo,,Section Title: sn.5.2/Section 357,1
Purisagatisuttaṃ,,Section Title: an7.6/Section 55,1
Puthupaññāsuttaṃ,,Section Title: sn.5.11/Section 1059,1
Puttamaṃsūpamasuttaṃ,,Section Title: sn.2.1/Section 63,1
Puññābhisandasuttaṃ,,Section Title: an5.5/Section 45,1
Puḷavakasuttaṃ,,Section Title: sn.5.2/Section 239,1
Puṇṇasuttaṃ,,Section Title: sn.4.1/Section 88,1
Pākatindriyasuttaṃ,,Section Title: sn.1.9/Section 233,1
Pāpabhikkhunīsuttaṃ,,Section Title: sn.2.8/Section 219,1
Pāpabhikkhusuttaṃ,,Section Title: sn.2.8/Section 218,1
Pāpasikkhamānasuttaṃ,,Section Title: sn.2.8/Section 220,1
Pāpasāmaṇerasuttaṃ,,Section Title: sn.2.8/Section 221,1
Pāpasāmaṇerīsuttaṃ,,Section Title: sn.2.8/Section 222,1
Pāraṅgamasuttaṃ,,Section Title: sn.5.2/Section 198,1
Pāricchattakasuttaṃ,,Section Title: an7.7/Section 69,1
Pāsādakampanavaggo,,Vagga Title: sn.5.7/Section 823,1
Pāsāṇasuttaṃ,,Section Title: sn.1.4/Section 147,1
Pātheyyasuttaṃ,,Section Title: sn.1.1/Section 79,1
Pātimokkhasaṃvarasuttaṃ,,Section Title: sn.5.3/Section 412,1
Pātālasuttaṃ,,Section Title: sn.4.2/Section 252,1
Pāṇātipātasuttaṃ,,Section Title: sn.5.12/Section 1141,1
Pāṭaliyasuttaṃ,,Section Title: sn.4.8/Section 365,1
Pītisuttaṃ,,Section Title: an5.18/Section 176,1
Rahogatasuttaṃ,,Section Title: sn.4.2/Section 259,1
Rajanīyasuttaṃ,,Section Title: an5.9/Section 81,1
Rajjasuttaṃ,,Section Title: sn.1.4/Section 156,1
Rajjusuttaṃ,,Section Title: sn.2.6/Section 178,1
Rathasuttaṃ,,Section Title: sn.1.1/Section 72,1
Rathopamasuttaṃ,,Section Title: sn.4.1/Section 239,1
Rohitassasuttaṃ,,Section Title: sn.1.2/Section 107,1
Rukkhamūlikasuttaṃ,,Section Title: an5.19/Section 183,1
Rukkhasuttaṃ,,Section Title: sn.5.2/Section 220,1
Ruṇṇasuttaṃ,,Section Title: an3.11/Section 108,1
Rādhaanattasuttaṃ,,Section Title: sn.4.1/Section 78,1
Rādhaaniccasuttaṃ,,Section Title: sn.4.1/Section 76,1
Rādhadukkhasuttaṃ,,Section Title: sn.4.1/Section 77,1
Rāhulovādasuttaṃ,,Section Title: sn.4.1/Section 121,1
Rājāsuttaṃ,,Section Title: an5.18/Section 178,1
Rāmaṇeyyakasuttaṃ,,Section Title: sn.1.11/Section 261,1
Rāsiyasuttaṃ,,Section Title: sn.4.8/Section 364,1
Rūpasuttaṃ,,Section Title: sn.2.7/Section 189,1
Rūpiyapātisuttaṃ,,Section Title: sn.2.6/Section 168,1
Rūpādisuttanavakaṃ,,Section Title: sn.2.7/Section 199,1
Sabbaaniccavaggo,,Vagga Title: sn.4.1/Section 1,1
Sabbasuttaṃ,,Section Title: sn.4.1/Section 23,1
Sabbatthagāminisuttaṃ,,Section Title: sn.5.8/Section 915,1
Sabbavaggo,,Vagga Title: sn.4.1/Section 23,1
Sabbhisuttaṃ,,Section Title: sn.1.1/Section 31,1
Sabbupādānapariññāsuttaṃ,,Section Title: sn.4.1/Section 60,1
Sabhiyakaccānasuttaṃ,,Section Title: sn.4.10/Section 420,1
Sabrahmakasuttaṃ,,Section Title: an3.4/Section 31,1
Sabyābajjhasuttaṃ,,Section Title: an3.1/Section 8,1
Sacetanasuttaṃ,,Section Title: an3.2/Section 15,1
Saddhammappatirūpakasuttaṃ,,Section Title: sn.2.5/Section 156,1
Saddhammasuttaṃ,,Section Title: an7.9/Section 94,1
Saddhasuttaṃ,,Section Title: an5.4/Section 38,1
Saddhāsuttaṃ,,Section Title: sn.1.1/Section 36,1
Sagāthāsuttaṃ,,Section Title: sn.2.3/Section 100,1
Sagāthāvaggo,,Vagga Title: sn.4.2/Section 249,1
Sahampatibrahmasuttaṃ,,Section Title: sn.5.4/Section 527,1
Sahāyakasuttaṃ,,Section Title: sn.2.10/Section 246,1
Sajjhāyasuttaṃ,,Section Title: sn.1.9/Section 230,1
Sakadāgāmiphalasuttaṃ,,Section Title: sn.5.11/Section 1052,1
Sakkaccasuttaṃ,,Section Title: an7.7/Section 70,1
Sakkapañhasuttaṃ,,Section Title: sn.4.1/Section 118,1
Sakkasuttaṃ,,Section Title: sn.4.6/Section 341,1
Sakkāyadiṭṭhipahānasuttaṃ,,Section Title: sn.4.1/Section 166,1
Sakkāyapañhāsuttaṃ,,Section Title: sn.4.4/Section 328,1
Sakuṇagghisuttaṃ,,Section Title: sn.5.3/Section 372,1
Salaḷāgārasuttaṃ,,Section Title: sn.5.8/Section 906,1
Sallasuttaṃ,,Section Title: sn.4.2/Section 254,1
Samathavipassanāsuttaṃ,,Section Title: sn.4.9/Section 367,1
Samaṇabrāhmaṇavaggo,,Vagga Title: sn.2.1/Section 71,1
Sambarimāyāsuttaṃ,,Section Title: sn.1.11/Section 269,1
Sambhejjaudakasuttaṃ,,Section Title: sn.2.2/Section 76,1
Sambuddhasuttaṃ,,Section Title: sn.5.4/Section 498,1
Samiddhasuttaṃ,,Section Title: an3.3/Section 21,1
Samiddhidukkhapañhāsuttaṃ,,Section Title: sn.4.1/Section 67,1
Samiddhilokapañhāsuttaṃ,,Section Title: sn.4.1/Section 68,1
Samiddhisattapañhāsuttaṃ,,Section Title: sn.4.1/Section 66,1
Sammappadhānasuttaṃ,,Section Title: sn.4.9/Section 371,1
Sammasasuttaṃ,,Section Title: sn.2.1/Section 66,1
Sammukhībhāvasuttaṃ,,Section Title: an3.5/Section 41,1
Sammāsambuddhasuttaṃ,,Section Title: sn.5.12/Section 1093,1
Sampannasuttaṃ,,Section Title: sn.5.4/Section 489,1
Samphappalāpasuttaṃ,,Section Title: sn.5.12/Section 1147,1
Samphassasuttaṃ,,Section Title: sn.2.7/Section 191,1
Samudayasuttaṃ,,Section Title: sn.5.3/Section 408,1
Samuddakasuttaṃ,,Section Title: sn.1.11/Section 256,1
Samuddasuttaṃ,,Section Title: sn.2.2/Section 80,1
Samuddavaggo,,Vagga Title: sn.4.1/Section 228,1
Samugghātasāruppasuttaṃ,,Section Title: sn.4.1/Section 30,1
Samādhiparikkhārasuttaṃ,,Section Title: an7.5/Section 45,1
Samādhivaggo,,Vagga Title: sn.5.12/Section 1071,1
Sanaṅkumārasuttaṃ,,Section Title: sn.1.6/Section 182,1
Sanidānasuttaṃ,,Section Title: sn.2.3/Section 96,1
Santuṭṭhasuttaṃ,,Section Title: sn.2.5/Section 144,1
Sappasuttaṃ,,Section Title: sn.1.4/Section 142,1
Sappaññavaggo,,Vagga Title: sn.5.11/Section 1047,1
Sappurisadānasuttaṃ,,Section Title: an5.15/Section 148,1
Sappurisasuttaṃ,,Section Title: an5.5/Section 42,1
Sarabhasuttaṃ,,Section Title: an3.7/Section 65,1
Saradasuttaṃ,,Section Title: an3.10/Section 95,1
Sarasuttaṃ,,Section Title: sn.1.1/Section 27,1
Sasīsakasuttaṃ,,Section Title: sn.2.8/Section 212,1
Satipaṭṭhānasuttaṃ,,Section Title: sn.4.9/Section 370,1
Sattadhammasuttaṃ,,Section Title: an7.6/Section 60,1
Sattadhātusuttaṃ,,Section Title: sn.2.3/Section 95,1
Sattajaṭilasuttaṃ,,Section Title: sn.1.3/Section 122,1
Sattakammapathasuttaṃ,,Section Title: sn.2.3/Section 110,1
Sattasūriyasuttaṃ,,Section Title: an7.7/Section 66,1
Sattavassānubandhasuttaṃ,,Section Title: sn.1.4/Section 160,1
Sattaviññāṇaṭṭhitisuttaṃ,,Section Title: an7.5/Section 44,1
Satthusuttaṃ,,Section Title: sn.2.1/Section 73,1
Satthusāsanasuttaṃ,,Section Title: an7.8/Section 83,1
Satthāravandanāsuttaṃ,,Section Title: sn.1.11/Section 265,1
Sattisatasuttaṃ,,Section Title: sn.5.12/Section 1105,1
Sattivaggo,,Vagga Title: sn.1.1/Section 21,1
Satullapakāyikavaggo,,Vagga Title: sn.1.1/Section 31,1
Savitakkasavicārasuttaṃ,,Section Title: sn.4.9/Section 368,1
Sañcetanāsuttaṃ,,Section Title: sn.2.7/Section 194,1
Saññānānattasuttaṃ,,Section Title: sn.2.3/Section 91,1
Saḷavaggo,,Vagga Title: sn.4.1/Section 94,1
Saṃkhittabalasuttaṃ,,Section Title: an7.1/Section 3,1
Saṃkhittadhammasuttaṃ,,Section Title: sn.4.1/Section 86,1
Saṃkhittadhanasuttaṃ,,Section Title: an7.1/Section 5,1
Saṃkhittasuttaṃ,,Section Title: an5.2/Section 13,1
Saṃvarasuttaṃ,,Section Title: sn.4.1/Section 98,1
Saṃyogasuttaṃ,,Section Title: an7.5/Section 51,1
Saṃyojanapahānasuttaṃ,,Section Title: sn.4.1/Section 54,1
Saṃyojanasamugghātasuttaṃ,,Section Title: sn.4.1/Section 55,1
Saṃyojaniyadhammasuttaṃ,,Section Title: sn.4.1/Section 122,1
Saṃyojaniyasuttaṃ,,Section Title: sn.4.1/Section 109,1
Saṅghavandanāsuttaṃ,,Section Title: sn.1.11/Section 266,1
Saṅkavāsuttaṃ,,Section Title: an3.9/Section 92,1
Saṅkhadhamasuttaṃ,,Section Title: sn.4.8/Section 360,1
Saṅkhatalakkhaṇasuttaṃ,,Section Title: an3.5/Section 47,1
Saṅkhārasuttaṃ,,Section Title: an3.3/Section 23,1
Saṅkāsanasuttaṃ,,Section Title: sn.5.12/Section 1089,1
Saṇamānasuttaṃ,,Section Title: sn.1.1/Section 15,1
Saṭṭhipeyyālavaggo,,Vagga Title: sn.4.1/Section 168,1
Sedakasuttaṃ,,Section Title: sn.5.3/Section 385,1
Sekhasuttaṃ,,Section Title: sn.5.4/Section 523,1
Sekkhasuttaṃ,,Section Title: an3.9/Section 86,1
Selāsuttaṃ,,Section Title: sn.1.5/Section 170,1
Senāsanapaññāpakasuttāditerasakaṃ,,Section Title: an5.27/Section 273,1
Serīsuttaṃ,,Section Title: sn.1.2/Section 104,1
Sevitabbasuttaṃ,,Section Title: an3.3/Section 26,1
Seyyohamasmisuttaṃ,,Section Title: sn.4.1/Section 108,1
Sikhīsuttaṃ,,Section Title: sn.2.1/Section 5,1
Sikkhāsuttādipeyyālaekādasakaṃ,,Section Title: sn.2.1/Section 73,1
Sirivaḍḍhasuttaṃ,,Section Title: sn.5.3/Section 395,1
Sivasuttaṃ,,Section Title: sn.1.2/Section 102,1
Sivathikasuttaṃ,,Section Title: an5.25/Section 249,1
Sobhanasuttaṃ,,Section Title: an5.24/Section 233,1
Somāsuttaṃ,,Section Title: sn.1.5/Section 163,1
Sosānikasuttaṃ,,Section Title: an5.19/Section 184,1
Sottiyasuttaṃ,,Section Title: an7.9/Section 88,1
Sotāpattiphalasuttaṃ,,Section Title: sn.5.11/Section 1051,1
Subhasuttaṃ,,Section Title: sn.1.4/Section 139,1
Subhāsitajayasuttaṃ,,Section Title: sn.1.11/Section 251,1
Subhāsitasuttaṃ,,Section Title: sn.1.8/Section 213,1
Subrahmasuttaṃ,,Section Title: sn.1.2/Section 98,1
Sudattasuttaṃ,,Section Title: sn.1.10/Section 242,1
Suddhasuttaṃ,,Section Title: sn.5.3/Section 390,1
Suddhikavaggo,,Vagga Title: sn.5.4/Section 471,1
Sujātasuttaṃ,,Section Title: sn.2.10/Section 239,1
Sukhasuttaṃ,,Section Title: sn.4.2/Section 250,1
Sukhindriyavaggo,,Vagga Title: sn.5.4/Section 501,1
Sukhitasuttaṃ,,Section Title: sn.2.4/Section 135,1
Sukhumālasuttaṃ,,Section Title: an3.4/Section 39,1
Sukkadhammasuttaṃ,,Section Title: sn.2.6/Section 183,1
Sumanasuttaṃ,,Section Title: an5.4/Section 31,1
Sundarikasuttaṃ,,Section Title: sn.1.7/Section 195,1
Sunettasuttaṃ,,Section Title: an7.7/Section 73,1
Supatisuttaṃ,,Section Title: sn.1.4/Section 143,1
Surāmerayasuttaṃ,,Section Title: sn.5.12/Section 1134,1
Susammuṭṭhasuttaṃ,,Section Title: sn.1.1/Section 8,1
Susīlasuttaṃ,,Section Title: sn.4.3/Section 299,1
Susīmasuttaṃ,,Section Title: sn.1.11/Section 248,1
Sutanusuttaṃ,,Section Title: sn.5.8/Section 901,1
Suvaṇṇanikkhasuttādiaṭṭhakaṃ,,Section Title: sn.2.6/Section 169,1
Suvaṇṇapātisuttaṃ,,Section Title: sn.2.6/Section 167,1
Suvīrasuttaṃ,,Section Title: sn.1.11/Section 247,1
Suññatalokasuttaṃ,,Section Title: sn.4.1/Section 85,1
Suññatasamādhisuttaṃ,,Section Title: sn.4.9/Section 369,1
Sādhusuttaṃ,,Section Title: sn.1.1/Section 33,1
Sākacchavaggo,,Vagga Title: sn.5.2/Section 232,1
Sāketasuttaṃ,,Section Title: sn.5.4/Section 513,1
Sāmaññasuttaṃ,,Section Title: sn.5.12/Section 1138,1
Sāmaṇerasuttaṃ,,Section Title: an5.26/Section 253,1
Sāmaṇḍakasuttaṃ,,Section Title: sn.4.5/Section 330,1
Sānusuttaṃ,,Section Title: sn.1.10/Section 239,1
Sārasuttaṃ,,Section Title: sn.5.4/Section 525,1
Sāraṇīyasuttaṃ,,Section Title: an3.2/Section 12,1
Sāriputtasaddhivihārikasuttaṃ,,Section Title: sn.4.1/Section 120,1
Sāsapasuttaṃ,,Section Title: sn.2.4/Section 129,1
Sāvakasuttaṃ,,Section Title: sn.2.4/Section 130,1
Sāḷhasuttaṃ,,Section Title: an3.7/Section 67,1
Sīghapaññāsuttaṃ,,Section Title: sn.5.11/Section 1065,1
Sīlabbatasuttaṃ,,Section Title: an3.8/Section 79,1
Sīlaṭṭhitivaggo,,Vagga Title: sn.5.3/Section 387,1
Sīsapāvanasuttaṃ,,Section Title: sn.5.12/Section 1101,1
Sīsapāvanavaggo,,Vagga Title: sn.5.12/Section 1101,1
Sīsupacālāsuttaṃ,,Section Title: sn.1.5/Section 169,1
Sīvakasuttaṃ,,Section Title: sn.4.2/Section 269,1
Sūdasuttaṃ,,Section Title: sn.5.3/Section 374,1
Sūkarakhatasuttaṃ,,Section Title: sn.5.4/Section 528,1
Sūkarakhatavaggo,,Vagga Title: sn.5.4/Section 521,1
Sūriyasuttaṃ,,Section Title: sn.1.2/Section 91,1
Tapokammasuttaṃ,,Section Title: sn.1.4/Section 137,1
Taruṇarukkhasuttaṃ,,Section Title: sn.2.1/Section 57,1
Tathāgatādisuttadasakaṃ,,Section Title: sn.5.3/Section 429,1
Tathāgatādisuttaṃ,,Section Title: sn.5.2/Section 270,1
Tathāgatādisuttaṃ - Pannarasamo.,,Section Title: sn.5.2/Section 324,1
Tatiyaabhisandasuttaṃ,,Section Title: sn.5.11/Section 1039,1
Tatiyaanāgatabhayasuttaṃ,,Section Title: an5.8/Section 79,1
Tatiyaavaṇṇārahasuttaṃ,,Section Title: an5.24/Section 238,1
Tatiyacetanāsuttaṃ,,Section Title: sn.2.1/Section 40,1
Tatiyachaphassāyatanasuttaṃ,,Section Title: sn.4.1/Section 73,1
Tatiyagilānasuttaṃ,,Section Title: sn.5.2/Section 197,1
Tatiyahitasuttaṃ,,Section Title: an5.2/Section 19,1
Tatiyajanasuttaṃ,,Section Title: sn.1.1/Section 57,1
Tatiyajhānapañhāsuttaṃ,,Section Title: sn.4.6/Section 334,1
Tatiyakaṇḍakīsuttaṃ,,Section Title: sn.5.8/Section 904,1
Tatiyakhatasuttaṃ,,Section Title: an3.15/Section 153,1
Tatiyamoranivāpasuttaṃ,,Section Title: an3.14/Section 146,1
Tatiyaovādasuttaṃ,,Section Title: sn.2.5/Section 151,1
Tatiyapabbatasuttaṃ,,Section Title: sn.2.2/Section 84,1
Tatiyapubbārāmasuttaṃ,,Section Title: sn.5.4/Section 517,1
Tatiyarukkhasuttaṃ,,Section Title: sn.5.4/Section 539,1
Tatiyasaddhammasammosasuttaṃ,,Section Title: an5.16/Section 156,1
Tatiyasammattaniyāmasuttaṃ,,Section Title: an5.16/Section 153,1
Tatiyasattakasuttaṃ,,Section Title: an7.3/Section 25,1
Tatiyasaṃkhittasuttaṃ,,Section Title: sn.5.4/Section 484,1
Tatiyasikkhāsuttaṃ,,Section Title: an3.9/Section 89,1
Tatiyasāriputtakoṭṭhikasuttaṃ,,Section Title: sn.4.10/Section 414,1
Tatiyavibhaṅgasuttaṃ,,Section Title: sn.5.4/Section 508,1
Tatiyavinayadharasobhanasuttaṃ,,Section Title: an7.8/Section 81,1
Tatiyavinayadharasuttaṃ,,Section Title: an7.8/Section 77,1
Tatiyavitthārasuttaṃ,,Section Title: sn.5.4/Section 487,1
Tatiyaājānīyasuttaṃ,,Section Title: an3.10/Section 99,1
Tatiyaāmakadhaññapeyyālavaggo,,Vagga Title: sn.5.12/Section 1151,1
Taṇhānirodhasuttaṃ,,Section Title: sn.5.2/Section 208,1
Taṇhāpañhāsuttaṃ,,Section Title: sn.4.4/Section 323,1
Theranāmakasuttaṃ,,Section Title: sn.2.10/Section 244,1
Therasuttaṃ,,Section Title: an5.9/Section 88,1
Tikaṇḍakīsuttaṃ,,Section Title: an5.15/Section 144,1
Tikaṇṇasuttaṃ,,Section Title: an3.6/Section 59,1
Tikkhapaññāsuttaṃ,,Section Title: sn.5.11/Section 1069,1
Timbarukasuttaṃ,,Section Title: sn.2.1/Section 18,1
Tiracchānadevanirayādisuttaṃ,,Section Title: sn.5.12/Section 1193,1
Tiracchānakathāsuttaṃ,,Section Title: sn.5.12/Section 1080,1
Tiracchānamanussanirayādisuttaṃ,,Section Title: sn.5.12/Section 1190,1
Tissabrahmāsuttaṃ,,Section Title: an7.6/Section 56,1
Tissasuttaṃ,,Section Title: sn.2.10/Section 243,1
Titthāyatanādisuttaṃ,,Section Title: an3.7/Section 62,1
Tiṃsamattasuttaṃ,,Section Title: sn.2.4/Section 136,1
Tiṇakaṭṭhasuttaṃ,,Section Title: sn.2.4/Section 124,1
Tiṭhānasuttaṃ,,Section Title: an3.5/Section 42,1
Tulākūṭasuttaṃ,,Section Title: sn.5.12/Section 1164,1
Turūbrahmasuttaṃ,,Section Title: sn.1.6/Section 180,1
Tālapuṭasuttaṃ,,Section Title: sn.4.8/Section 354,1
Tāyanasuttaṃ,,Section Title: sn.1.2/Section 89,1
Tīhidhammehisuttaṃ,,Section Title: sn.4.3/Section 283,1
Uccāsayanasuttaṃ,,Section Title: sn.5.12/Section 1152,1
Udakasuttaṃ,,Section Title: sn.4.1/Section 103,1
Udakūpamāsuttaṃ,,Section Title: an7.2/Section 15,1
Udayasuttaṃ,,Section Title: sn.1.7/Section 198,1
Uddhambhāgiyasuttaṃ,,Section Title: sn.5.2/Section 311,1
Uddhambhāgiyādisuttadasakaṃ,,Section Title: sn.5.3/Section 461,1
Uddhumātakasuttaṃ,,Section Title: sn.5.2/Section 242,1
Udāyisuttaṃ,,Section Title: sn.5.2/Section 211,1
Udāyivaggo,,Vagga Title: sn.5.2/Section 202,1
Uggahasuttaṃ,,Section Title: an5.4/Section 33,1
Uggasuttaṃ,,Section Title: an7.1/Section 7,1
Ujjhānasaññisuttaṃ,,Section Title: sn.1.1/Section 35,1
Ukkacelasuttaṃ,,Section Title: sn.5.3/Section 380,1
Ukkoṭanasuttaṃ,,Section Title: sn.5.12/Section 1165,1
Upacālāsuttaṃ,,Section Title: sn.1.5/Section 168,1
Upajjhāyasuttaṃ,,Section Title: an5.6/Section 56,1
Upanisasuttaṃ,,Section Title: sn.2.1/Section 23,1
Upanāhīsuttaṃ,,Section Title: sn.4.3/Section 285,1
Upanīyasuttaṃ,,Section Title: sn.1.1/Section 3,1
Upasampādetabbasuttaṃ,,Section Title: an5.26/Section 251,1
Upasenaāsīvisasuttaṃ,,Section Title: sn.4.1/Section 69,1
Upassayasuttaṃ,,Section Title: sn.2.5/Section 153,1
Upassaṭṭhasuttaṃ,,Section Title: sn.4.1/Section 52,1
Upassutisuttaṃ,,Section Title: sn.4.1/Section 113,1
Upatissasuttaṃ,,Section Title: sn.2.10/Section 236,1
Upavānasuttaṃ,,Section Title: sn.5.2/Section 189,1
Upavāṇasandiṭṭhikasuttaṃ,,Section Title: sn.4.1/Section 70,1
Upavāṇasuttaṃ,,Section Title: sn.2.1/Section 26,1
Upayantisuttaṃ,,Section Title: sn.2.1/Section 69,1
Upaṭṭhitassatisuttaṃ,,Section Title: sn.4.3/Section 302,1
Upaṭṭhānasuttaṃ,,Section Title: sn.1.9/Section 222,1
Upekkhāsuttaṃ,,Section Title: sn.5.2/Section 246,1
Uposathasuttaṃ,,Section Title: an3.7/Section 71,1
Uppalavaṇṇāsuttaṃ,,Section Title: sn.1.5/Section 166,1
Uppathasuttaṃ,,Section Title: sn.1.1/Section 58,1
Uppaṭipāṭikasuttaṃ,,Section Title: sn.5.4/Section 510,1
Uppādasuttaṃ,,Section Title: sn.2.3/Section 120,1
Uppādāsuttaṃ,,Section Title: an3.14/Section 137,1
Upādānapañhāsuttaṃ,,Section Title: sn.4.4/Section 325,1
Upādānasuttaṃ,,Section Title: sn.2.1/Section 52,1
Upādāniyadhammasuttaṃ,,Section Title: sn.4.1/Section 123,1
Upādāniyasuttaṃ,,Section Title: sn.4.1/Section 110,1
Upādāyasuttaṃ,,Section Title: sn.4.1/Section 105,1
Upāsakavaggo,,Vagga Title: sn.1.7/Section 197,1
Ussūrabhattasuttaṃ,,Section Title: an5.23/Section 228,1
Usulomasuttaṃ,,Section Title: sn.2.8/Section 208,1
Uttarasuttaṃ,,Section Title: sn.1.2/Section 100,1
Uttiyasuttaṃ,,Section Title: sn.5.3/Section 382,1
Uḍḍitasuttaṃ,,Section Title: sn.1.1/Section 67,1
Vajirāsuttaṃ,,Section Title: sn.1.5/Section 171,1
Vajirūpamasuttaṃ,,Section Title: an3.3/Section 25,1
Vajjīsuttaṃ,,Section Title: sn.4.1/Section 125,1
Vanaropasuttaṃ,,Section Title: sn.1.1/Section 47,1
Vandanāsuttaṃ,,Section Title: an3.15/Section 155,1
Vassakārasuttaṃ,,Section Title: an7.3/Section 22,1
Vassasuttaṃ,,Section Title: an5.20/Section 197,1
Vassaṃvutthasuttaṃ,,Section Title: sn.5.11/Section 1048,1
Vatapadasuttaṃ,,Section Title: sn.1.11/Section 257,1
Vatthasuttaṃ,,Section Title: sn.5.2/Section 185,1
Vatthusuttaṃ,,Section Title: sn.1.1/Section 54,1
Vaḍḍhīsuttaṃ,,Section Title: sn.4.3/Section 313,1
Vaṅgīsasuttaṃ,,Section Title: sn.1.8/Section 220,1
Vaṇijjāsuttaṃ,,Section Title: an5.18/Section 177,1
Vedagūsuttaṃ,,Section Title: an7.9/Section 90,1
Vedanānānattasuttaṃ,,Section Title: sn.2.3/Section 88,1
Vedanāpañhāsuttaṃ,,Section Title: sn.4.4/Section 320,1
Venāgapurasuttaṃ,,Section Title: an3.7/Section 64,1
Vepacittisuttaṃ,,Section Title: sn.1.11/Section 250,1
Vepullapabbatasuttaṃ,,Section Title: sn.2.4/Section 143,1
Verahaccānisuttaṃ,,Section Title: sn.4.1/Section 133,1
Verambhasuttaṃ,,Section Title: sn.2.6/Section 165,1
Verasuttaṃ,,Section Title: an5.18/Section 174,1
Verocanaasurindasuttaṃ,,Section Title: sn.1.11/Section 254,1
Vessabhūsuttaṃ,,Section Title: sn.2.1/Section 6,1
Vesālīsuttaṃ,,Section Title: sn.4.1/Section 124,1
Veṇḍusuttaṃ,,Section Title: sn.1.2/Section 93,1
Vicchiddakasuttaṃ,,Section Title: sn.5.2/Section 241,1
Vidhāsuttaṃ,,Section Title: sn.5.2/Section 222,1
Viggāhikakathāsuttaṃ,,Section Title: sn.5.12/Section 1079,1
Vijayāsuttaṃ,,Section Title: sn.1.5/Section 165,1
Vijjāsuttaṃ,,Section Title: sn.5.12/Section 1088,1
Vikālabhojanasuttaṃ,,Section Title: sn.5.12/Section 1149,1
Vimuttāyatanasuttaṃ,,Section Title: an5.3/Section 26,1
Vinibandhasuttaṃ,,Section Title: an5.21/Section 206,1
Vinīlakasuttaṃ,,Section Title: sn.5.2/Section 240,1
Vipassīsuttaṃ,,Section Title: sn.2.1/Section 4,1
Vipattisampadāsuttaṃ,,Section Title: an3.12/Section 118,1
Vipattisuttaṃ,,Section Title: an7.3/Section 30,1
Vipulapaññāsuttaṃ,,Section Title: sn.5.11/Section 1060,1
Visamasuttaṃ,,Section Title: an3.15/Section 149,1
Visākhasuttaṃ,,Section Title: sn.2.10/Section 241,1
Vitakkasuttaṃ,,Section Title: sn.5.12/Section 1077,1
Vittasuttaṃ,,Section Title: sn.1.1/Section 73,1
Vitthatabalasuttaṃ,,Section Title: an7.1/Section 4,1
Vitthatadhanasuttaṃ,,Section Title: an7.1/Section 6,1
Vitthatasuttaṃ,,Section Title: an5.2/Section 14,1
Vivekasuttaṃ,,Section Title: sn.1.9/Section 221,1
Viññāṇañcāyatanapañhāsuttaṃ,,Section Title: sn.4.6/Section 337,1
Vuddhisuttaṃ,,Section Title: an3.14/Section 140,1
Vuṭṭhisuttaṃ,,Section Title: sn.1.1/Section 74,1
Vācāsuttaṃ,,Section Title: an5.20/Section 198,1
Vādatthikasuttaṃ,,Section Title: sn.5.12/Section 1110,1
Vālasuttaṃ,,Section Title: sn.5.12/Section 1115,1
Vāsudattasuttaṃ,,Section Title: sn.1.2/Section 97,1
Vītarāgasuttaṃ,,Section Title: an5.9/Section 82,1
Vīṇopamasuttaṃ,,Section Title: sn.4.1/Section 246,1
Yajamānasuttaṃ,,Section Title: sn.1.11/Section 262,1
Yamakavaggo,,Vagga Title: sn.4.1/Section 13,1
Yathāsanthatikasuttaṃ,,Section Title: an5.19/Section 187,1
Yavakalāpisuttaṃ,,Section Title: sn.4.1/Section 248,1
Yaññasuttaṃ,,Section Title: sn.1.3/Section 120,1
Yogakkhemisuttaṃ,,Section Title: sn.4.1/Section 104,1
Yogakkhemivaggo,,Vagga Title: sn.4.1/Section 104,1
Yonisomanasikārasuttaṃ,,Section Title: sn.5.2/Section 217,1
Yāgusuttaṃ,,Section Title: an5.21/Section 207,1
Ñātasuttaṃ,,Section Title: an3.2/Section 11,1
Ñātikasuttaṃ,,Section Title: sn.2.1/Section 45,1
Ñāṇavatthusuttaṃ,,Section Title: sn.2.1/Section 33,1
Ādhipateyyasuttaṃ,,Section Title: an3.4/Section 40,1
Ādiccasuttaṃ,,Section Title: sn.5.2/Section 229,1
Ādittapariyāyasuttaṃ,,Section Title: sn.4.1/Section 235,1
Ādittavaggo,,Vagga Title: sn.1.1/Section 41,1
Ādiyasuttaṃ,,Section Title: an5.5/Section 41,1
Āhāravaggo,,Vagga Title: sn.2.1/Section 11,1
Āhārepaṭikūlasuttaṃ,,Section Title: sn.5.2/Section 250,1
Ākiñcaññāyatanapañhāsuttaṃ,,Section Title: sn.4.6/Section 338,1
Ākāsānañcāyatanapañhāsuttaṃ,,Section Title: sn.4.6/Section 336,1
Āmakadhaññasuttaṃ,,Section Title: sn.5.12/Section 1154,1
Āmakamaṃsasuttaṃ,,Section Title: sn.5.12/Section 1155,1
Āneñjasuttaṃ,,Section Title: an3.12/Section 117,1
Ānāpānasuttaṃ,,Section Title: sn.5.2/Section 247,1
Ānāpānavaggo,,Vagga Title: sn.5.2/Section 238,1
Āpaṇasuttaṃ,,Section Title: sn.5.4/Section 520,1
Āpāyikasuttaṃ,,Section Title: an3.12/Section 114,1
Ārabhatisuttaṃ,,Section Title: an5.15/Section 142,1
Āraddhavīriyasuttaṃ,,Section Title: sn.4.3/Section 301,1
Āraññikasuttaṃ,,Section Title: an5.19/Section 181,1
Āsavapahānasuttaṃ,,Section Title: sn.4.1/Section 56,1
Āsavapañhāsuttaṃ,,Section Title: sn.4.4/Section 321,1
Āsavasamugghātasuttaṃ,,Section Title: sn.4.1/Section 57,1
Āsavasuttaṃ,,Section Title: sn.5.3/Section 416,1
Āsaṃsasuttaṃ,,Section Title: an3.2/Section 13,1
Āsīvisavaggo,,Vagga Title: sn.4.1/Section 238,1
Āsīvisopamasuttaṃ,,Section Title: sn.4.1/Section 238,1
Ātappakaraṇīyasuttaṃ,,Section Title: an3.5/Section 50,1
Āvaraṇanīvaraṇasuttaṃ,,Section Title: sn.5.2/Section 219,1
Āvaraṇasuttaṃ,,Section Title: an5.6/Section 51,1
Āveṇikadukkhasuttaṃ,,Section Title: sn.4.3/Section 282,1
Āvāsikasuttaṃ,,Section Title: an5.24/Section 231,1
Āḷavakasuttaṃ,,Section Title: sn.1.10/Section 246,1
Āḷavikāsuttaṃ,,Section Title: sn.1.5/Section 162,1
Āṇisuttaṃ,,Section Title: sn.2.9/Section 229,1
Ṭhāniyasuttaṃ,,Section Title: sn.5.2/Section 204,1
